benchmark,dimension,bins,seed,condition_id,condition_0,condition_1,condition_2,integral_true,integral_estimate,relative_error,variance,weight_variance,ess_fraction,train_time,eval_time,parameter_count,ise_2d
single_gaussian,2,8,0,0,0.15000000596046448,0.20000000298023224,0.20000000298023224,1.0,1.0017248392105103,0.001724839210510254,9.894077479839326e-07,0.049470387399196625,0.953016953125,74.7300466960296,0.036694041918963194,57392,0.6677276492118835
single_gaussian,2,8,0,1,0.25,0.75,0.800000011920929,1.0,0.9996227622032166,0.00037723779678344727,1.1553015559911728e-06,0.05776507779955864,0.9453515625,74.7300466960296,0.027392485179007053,57392,0.33560311794281006
single_gaussian,2,8,0,2,0.5,0.5,0.5,1.0,0.9988439083099365,0.0011560916900634766,7.68391340970993e-07,0.03841956704854965,0.962920234375,74.7300466960296,0.027464386075735092,57392,0.34732502698898315
single_gaussian,2,8,0,3,0.75,0.25,0.699999988079071,1.0,0.9990134239196777,0.0009865760803222656,9.3226358294487e-07,0.0466131791472435,0.9553796875,74.7300466960296,0.02742629498243332,57392,0.8157496452331543
single_gaussian,2,8,0,4,0.8500000238418579,0.800000011920929,0.30000001192092896,1.0,1.0017260313034058,0.0017260313034057617,7.039224356412888e-07,0.03519612178206444,0.966114296875,74.7300466960296,0.027441995218396187,57392,0.17499437928199768
single_gaussian,2,8,1,0,0.15000000596046448,0.20000000298023224,0.20000000298023224,1.0,1.0004056692123413,0.0004056692123413086,9.387652575969696e-07,0.04693826287984848,0.95520171875,73.815027854871,0.027707908768206835,57392,0.6161856055259705
single_gaussian,2,8,1,1,0.25,0.75,0.800000011920929,1.0,1.0001327991485596,0.0001327991485595703,6.450070440769196e-07,0.03225035220384598,0.9687659375,73.815027854871,0.02740944502875209,57392,0.19149841368198395
single_gaussian,2,8,1,2,0.5,0.5,0.5,1.0,0.9995964765548706,0.00040352344512939453,8.520374447107315e-07,0.042601872235536575,0.95910796875,73.815027854871,0.027365165296941996,57392,0.38374462723731995
single_gaussian,2,8,1,3,0.75,0.25,0.699999988079071,1.0,0.9987795352935791,0.0012204647064208984,1.3802918791770934e-06,0.06901459395885468,0.93529453125,73.815027854871,0.027411275077611208,57392,1.3015010356903076
single_gaussian,2,8,1,4,0.8500000238418579,0.800000011920929,0.30000001192092896,1.0,0.9992401599884033,0.0007598400115966797,8.272194117307663e-07,0.041360970586538315,0.96022453125,73.815027854871,0.027383024338632822,57392,0.2532440423965454
single_gaussian,2,8,2,0,0.15000000596046448,0.20000000298023224,0.20000000298023224,1.0,0.9993506073951721,0.0006493926048278809,1.0886767506599426e-06,0.05443383753299713,0.94831359375,73.56811258336529,0.02788212103769183,57392,0.700196385383606
single_gaussian,2,8,2,1,0.25,0.75,0.800000011920929,1.0,0.9995442032814026,0.0004557967185974121,8.613087236881256e-07,0.04306543618440628,0.958677421875,73.56811258336529,0.027625327929854393,57392,0.23204992711544037
single_gaussian,2,8,2,2,0.5,0.5,0.5,1.0,0.9999116063117981,8.83936882019043e-05,7.101048529148102e-07,0.03550524264574051,0.965706953125,73.56811258336529,0.02723235310986638,57392,0.2934659421443939
single_gaussian,2,8,2,3,0.75,0.25,0.699999988079071,1.0,1.0007179975509644,0.0007179975509643555,8.743169158697129e-07,0.04371584579348564,0.9581734375,73.56811258336529,0.02723930310457945,57392,0.6637100577354431
single_gaussian,2,8,2,4,0.8500000238418579,0.800000011920929,0.30000001192092896,1.0,0.9978342056274414,0.0021657943725585938,7.526635378599167e-07,0.037633176892995834,0.96358046875,73.56811258336529,0.027306413743644953,57392,0.2149461954832077
single_gaussian,2,16,0,0,0.15000000596046448,0.20000000298023224,0.20000000298023224,1.0,1.001517653465271,0.001517653465270996,6.512603163719177e-07,0.032563015818595886,0.968556953125,73.68924268800765,0.02814097423106432,63584,0.35474127531051636
single_gaussian,2,16,0,1,0.25,0.75,0.800000011920929,1.0,0.9992292523384094,0.0007707476615905762,8.925649523735046e-07,0.04462824761867523,0.957216015625,73.68924268800765,0.027529606595635414,63584,0.3283953368663788
single_gaussian,2,16,0,2,0.5,0.5,0.5,1.0,0.9992420673370361,0.0007579326629638672,5.456195399165153e-07,0.027280976995825768,0.9734046875,73.68924268800765,0.027469696011394262,63584,0.20688216388225555
single_gaussian,2,16,0,3,0.75,0.25,0.699999988079071,1.0,0.9985575675964355,0.0014424324035644531,4.6791296452283857e-07,0.02339564822614193,0.97707515625,73.68924268800765,0.02750466577708721,63584,0.3504583239555359
single_gaussian,2,16,0,4,0.8500000238418579,0.800000011920929,0.30000001192092896,1.0,1.0004135370254517,0.00041353702545166016,3.0562104657292365e-07,0.015281052328646183,0.984961484375,73.68924268800765,0.027429515030235052,63584,0.05386121943593025
single_gaussian,2,16,1,0,0.15000000596046448,0.20000000298023224,0.20000000298023224,1.0,0.999991238117218,8.761882781982422e-06,5.929164588451385e-07,0.029645822942256927,0.971207890625,73.68817370478064,0.028200093656778336,63584,0.1737150102853775
single_gaussian,2,16,1,1,0.25,0.75,0.800000011920929,1.0,0.9998993277549744,0.00010067224502563477,3.038073144853115e-07,0.015190365724265575,0.985034375,73.68817370478064,0.027698258869349957,63584,0.043286412954330444
single_gaussian,2,16,1,2,0.5,0.5,0.5,1.0,0.9994744062423706,0.0005255937576293945,4.926368594169616e-07,0.024631842970848083,0.97593609375,73.68817370478064,0.027545176912099123,63584,0.10905012488365173
single_gaussian,2,16,1,3,0.75,0.25,0.699999988079071,1.0,0.9986405372619629,0.0013594627380371094,9.255802631378174e-07,0.04627901315689087,0.95565359375,73.68817370478064,0.02746098581701517,63584,0.8663327693939209
single_gaussian,2,16,1,4,0.8500000238418579,0.800000011920929,0.30000001192092896,1.0,0.9997280836105347,0.00027191638946533203,4.138185828924179e-07,0.020690929144620895,0.979718125,73.68817370478064,0.02747513633221388,63584,0.07374544441699982
single_gaussian,2,16,2,0,0.15000000596046448,0.20000000298023224,0.20000000298023224,1.0,0.9997685551643372,0.0002314448356628418,8.178747445344925e-07,0.040893737226724625,0.960696171875,73.69045047089458,0.028175685089081526,63584,0.41270390152931213
single_gaussian,2,16,2,1,0.25,0.75,0.800000011920929,1.0,0.999005138874054,0.000994861125946045,4.0825504809617997e-07,0.020412752404808998,0.979956875,73.69045047089458,0.027625108137726784,63584,0.06488803774118423
single_gaussian,2,16,2,2,0.5,0.5,0.5,1.0,0.9997496008872986,0.000250399112701416,3.732883557677269e-07,0.018664417788386345,0.98166890625,73.69045047089458,0.027648228220641613,63584,0.0577724389731884
single_gaussian,2,16,2,3,0.75,0.25,0.699999988079071,1.0,1.0003219842910767,0.00032198429107666016,4.874446243047714e-07,0.02437223121523857,0.976223046875,73.69045047089458,0.027539466973394156,63584,0.41946446895599365
single_gaussian,2,16,2,4,0.8500000238418579,0.800000011920929,0.30000001192092896,1.0,0.9992475509643555,0.0007524490356445312,3.990526869893074e-07,0.01995263434946537,0.98040921875,73.69045047089458,0.02741528581827879,63584,0.08138470351696014
single_gaussian,2,32,0,0,0.15000000596046448,0.20000000298023224,0.20000000298023224,1.0,1.000907301902771,0.0009073019027709961,6.043851375579834e-07,0.03021925687789917,0.970719296875,73.80265807919204,0.02849095780402422,75968,0.3197034001350403
single_gaussian,2,32,0,1,0.25,0.75,0.800000011920929,1.0,0.9993759393692017,0.0006240606307983398,7.138088345527649e-07,0.035690441727638245,0.965498671875,73.80265807919204,0.027975521981716156,75968,0.23319201171398163
single_gaussian,2,32,0,2,0.5,0.5,0.5,1.0,0.9987999200820923,0.0012000799179077148,5.409281700849533e-07,0.027046408504247665,0.97360484375,73.80265807919204,0.027862960007041693,75968,0.15498578548431396
single_gaussian,2,32,0,3,0.75,0.25,0.699999988079071,1.0,0.9983710646629333,0.0016289353370666504,6.217250227928162e-07,0.031086251139640808,0.969756171875,73.80265807919204,0.027820060029625893,75968,0.411136269569397
single_gaussian,2,32,0,4,0.8500000238418579,0.800000011920929,0.30000001192092896,1.0,1.0004013776779175,0.00040137767791748047,3.358851745724678e-07,0.01679425872862339,0.98349640625,73.80265807919204,0.028153453953564167,75968,0.0567731149494648
single_gaussian,2,32,1,0,0.15000000596046448,0.20000000298023224,0.20000000298023224,1.0,1.0001448392868042,0.00014483928680419922,4.605623334646225e-07,0.023028116673231125,0.97749703125,73.86384640494362,0.028412656858563423,75968,0.09494748711585999
single_gaussian,2,32,1,1,0.25,0.75,0.800000011920929,1.0,0.9996129274368286,0.0003870725631713867,2.849106118083e-07,0.014245530590415001,0.98594421875,73.86384640494362,0.0278629707172513,75968,0.03216218948364258
single_gaussian,2,32,1,2,0.5,0.5,0.5,1.0,0.9995651841163635,0.0004348158836364746,4.6263553202152254e-07,0.023131776601076126,0.9773725,73.86384640494362,0.02780245989561081,75968,0.10138663649559021
single_gaussian,2,32,1,3,0.75,0.25,0.699999988079071,1.0,0.9988292455673218,0.0011707544326782227,8.611427247524261e-07,0.04305713623762131,0.958628203125,73.86384640494362,0.027787168975919485,75968,0.7875159382820129
single_gaussian,2,32,1,4,0.8500000238418579,0.800000011920929,0.30000001192092896,1.0,1.0000218152999878,2.181529998779297e-05,3.06139811873436e-07,0.015306990593671799,0.9849246875,73.86384640494362,0.02804353181272745,75968,0.05589568242430687
single_gaussian,2,32,2,0,0.15000000596046448,0.20000000298023224,0.20000000298023224,1.0,1.0001267194747925,0.00012671947479248047,5.931728333234787e-07,0.029658641666173935,0.9712034375,73.84664526907727,0.028462486807256937,75968,0.21604637801647186
single_gaussian,2,32,2,1,0.25,0.75,0.800000011920929,1.0,0.9988645315170288,0.0011354684829711914,4.96227853000164e-07,0.0248113926500082,0.97573609375,73.84664526907727,0.027971000876277685,75968,0.11151367425918579
single_gaussian,2,32,2,2,0.5,0.5,0.5,1.0,1.0002009868621826,0.0002009868621826172,4.17727530002594e-07,0.0208863765001297,0.979549375,73.84664526907727,0.027883841190487146,75968,0.07537887990474701
single_gaussian,2,32,2,3,0.75,0.25,0.699999988079071,1.0,1.0006132125854492,0.0006132125854492188,6.88551738858223e-07,0.03442758694291115,0.96675828125,73.84664526907727,0.027862180955708027,75968,0.5739911794662476
single_gaussian,2,32,2,4,0.8500000238418579,0.800000011920929,0.30000001192092896,1.0,0.999363899230957,0.0006361007690429688,3.593183308839798e-07,0.01796591654419899,0.982329296875,73.84664526907727,0.027892751153558493,75968,0.06189492344856262
single_gaussian,2,64,0,0,0.15000000596046448,0.20000000298023224,0.20000000298023224,1.0,1.0005710124969482,0.0005710124969482422,6.804721802473068e-07,0.03402360901236534,0.967132890625,73.9727439279668,0.0292115556076169,100736,0.4512335956096649
single_gaussian,2,64,0,1,0.25,0.75,0.800000011920929,1.0,0.9995347261428833,0.0004652738571166992,8.272238820791244e-07,0.04136119410395622,0.960246875,73.9727439279668,0.028673809953033924,100736,0.22686518728733063
single_gaussian,2,64,0,2,0.5,0.5,0.5,1.0,1.0000598430633545,5.984306335449219e-05,5.124295875430107e-07,0.025621479377150536,0.97502203125,73.9727439279668,0.028584419284015894,100736,0.13595399260520935
single_gaussian,2,64,0,3,0.75,0.25,0.699999988079071,1.0,0.9972698092460632,0.0027301907539367676,9.179536253213883e-07,0.04589768126606941,0.9558871875,73.9727439279668,0.028540068306028843,100736,0.7428577542304993
single_gaussian,2,64,0,4,0.8500000238418579,0.800000011920929,0.30000001192092896,1.0,0.9999991655349731,8.344650268554688e-07,3.577743843197823e-07,0.017888719215989113,0.98242609375,73.9727439279668,0.028603369370102882,100736,0.0529148243367672
single_gaussian,2,64,1,0,0.15000000596046448,0.20000000298023224,0.20000000298023224,1.0,1.0007926225662231,0.0007926225662231445,5.693300068378449e-07,0.028466500341892242,0.972364609375,73.97498489171267,0.029035423882305622,100736,0.17992326617240906
single_gaussian,2,64,1,1,0.25,0.75,0.800000011920929,1.0,0.999531090259552,0.00046890974044799805,5.791645124554634e-07,0.02895822562277317,0.97183171875,73.97498489171267,0.02851911773905158,100736,0.12071826308965683
single_gaussian,2,64,1,2,0.5,0.5,0.5,1.0,0.9989545941352844,0.0010454058647155762,7.59323313832283e-07,0.03796616569161415,0.963349453125,73.97498489171267,0.028664449229836464,100736,0.2826111912727356
single_gaussian,2,64,1,3,0.75,0.25,0.699999988079071,1.0,0.998066782951355,0.0019332170486450195,1.260232627391815e-06,0.06301163136959076,0.940508515625,73.97498489171267,0.028501428198069334,100736,1.1632202863693237
single_gaussian,2,64,1,4,0.8500000238418579,0.800000011920929,0.30000001192092896,1.0,1.0001927614212036,0.00019276142120361328,4.303789138793945e-07,0.021518945693969727,0.9789428125,73.97498489171267,0.02850615791976452,100736,0.08123484253883362
single_gaussian,2,64,2,0,0.15000000596046448,0.20000000298023224,0.20000000298023224,1.0,0.9981455206871033,0.0018544793128967285,9.627478569746017e-07,0.04813739284873009,0.95391125,73.71547261811793,0.02911126473918557,100736,0.6737136840820312
single_gaussian,2,64,2,1,0.25,0.75,0.800000011920929,1.0,1.0000993013381958,9.930133819580078e-05,4.997081309556961e-07,0.024985406547784805,0.97562890625,73.71547261811793,0.02856673812493682,100736,0.11105681210756302
single_gaussian,2,64,2,2,0.5,0.5,0.5,1.0,1.0001965761184692,0.00019657611846923828,4.785510152578354e-07,0.02392755076289177,0.976641015625,73.71547261811793,0.02876167092472315,100736,0.14250844717025757
single_gaussian,2,64,2,3,0.75,0.25,0.699999988079071,1.0,1.0007809400558472,0.000780940055847168,7.06774964928627e-07,0.03533874824643135,0.965919453125,73.71547261811793,0.028623878955841064,100736,0.5823838710784912
single_gaussian,2,64,2,4,0.8500000238418579,0.800000011920929,0.30000001192092896,1.0,0.999566376209259,0.0004336237907409668,3.158329054713249e-07,0.015791645273566246,0.98444078125,73.71547261811793,0.028674029279500246,100736,0.04935992881655693
single_gaussian,4,8,0,0,0.15000000596046448,0.20000000298023224,0.20000000298023224,1.0,1.0006513595581055,0.0006513595581054688,1.9911925494670866e-06,0.09955962747335434,0.90956375,162.62238930584863,0.065333500970155,134384,
single_gaussian,4,8,0,1,0.25,0.75,0.800000011920929,1.0,1.0000227689743042,2.276897430419922e-05,1.333058774471283e-06,0.06665293872356415,0.937515859375,162.62238930584863,0.06436489010229707,134384,
single_gaussian,4,8,0,2,0.5,0.5,0.5,1.0,0.9992479681968689,0.0007520318031311035,1.33670374751091e-06,0.0668351873755455,0.93726453125,162.62238930584863,0.06468812376260757,134384,
single_gaussian,4,8,0,3,0.75,0.25,0.699999988079071,1.0,1.0002554655075073,0.0002554655075073242,1.6728520393371582e-06,0.08364260196685791,0.922851171875,162.62238930584863,0.06429951917380095,134384,
single_gaussian,4,8,0,4,0.8500000238418579,0.800000011920929,0.30000001192092896,1.0,1.0003172159194946,0.0003172159194946289,9.407953172922135e-07,0.04703976586461067,0.955101640625,162.62238930584863,0.06457380298525095,134384,
single_gaussian,4,8,1,0,0.15000000596046448,0.20000000298023224,0.20000000298023224,1.0,1.0009355545043945,0.0009355545043945312,2.2668443620204925e-06,0.11334221810102463,0.898369140625,162.79196706600487,0.06535238213837147,134384,
single_gaussian,4,8,1,1,0.25,0.75,0.800000011920929,1.0,1.0004371404647827,0.00043714046478271484,1.096183806657791e-06,0.05480919033288956,0.948082734375,162.79196706600487,0.06444881204515696,134384,
single_gaussian,4,8,1,2,0.5,0.5,0.5,1.0,0.9996812343597412,0.00031876564025878906,1.3008090853691102e-06,0.0650404542684555,0.9388959375,162.79196706600487,0.06471079541370273,134384,
single_gaussian,4,8,1,3,0.75,0.25,0.699999988079071,1.0,0.9980509877204895,0.001949012279510498,2.169717848300934e-06,0.10848589241504669,0.901788203125,162.79196706600487,0.06441567093133926,134384,
single_gaussian,4,8,1,4,0.8500000238418579,0.800000011920929,0.30000001192092896,1.0,1.001042127609253,0.0010421276092529297,1.2251359224319457e-06,0.06125679612159729,0.9423934375,162.79196706600487,0.0643135099671781,134384,
single_gaussian,4,8,2,0,0.15000000596046448,0.20000000298023224,0.20000000298023224,1.0,0.9996578693389893,0.0003421306610107422,1.9242666661739348e-06,0.09621333330869675,0.91217796875,162.6920307329856,0.06495321681722999,134384,
single_gaussian,4,8,2,1,0.25,0.75,0.800000011920929,1.0,1.000430941581726,0.0004309415817260742,1.1696310341358185e-06,0.058481551706790924,0.944795703125,162.6920307329856,0.06453708279877901,134384,
single_gaussian,4,8,2,2,0.5,0.5,0.5,1.0,0.9990278482437134,0.0009721517562866211,1.0250990092754363e-06,0.05125495046377182,0.9511546875,162.6920307329856,0.0647604949772358,134384,
single_gaussian,4,8,2,3,0.75,0.25,0.699999988079071,1.0,1.0004090070724487,0.00040900707244873047,1.938041299581528e-06,0.09690206497907639,0.9117259375,162.6920307329856,0.06508689885959029,134384,
single_gaussian,4,8,2,4,0.8500000238418579,0.800000011920929,0.30000001192092896,1.0,1.0008841753005981,0.0008841753005981445,1.3215897977352141e-06,0.06607948988676071,0.9381203125,162.6920307329856,0.06617411086335778,134384,
single_gaussian,4,16,0,0,0.15000000596046448,0.20000000298023224,0.20000000298023224,1.0,1.0009253025054932,0.0009253025054931641,1.232312023639679e-06,0.06161560118198395,0.942062578125,162.64694663323462,0.06498521799221635,148832,
single_gaussian,4,16,0,1,0.25,0.75,0.800000011920929,1.0,0.9999011754989624,9.882450103759766e-05,9.711603075265883e-07,0.04855801537632942,0.953682890625,162.64694663323462,0.06459242338314652,148832,
single_gaussian,4,16,0,2,0.5,0.5,0.5,1.0,0.9996373057365417,0.00036269426345825195,6.382665038108826e-07,0.03191332519054413,0.9690525,162.64694663323462,0.06476558512076735,148832,
single_gaussian,4,16,0,3,0.75,0.25,0.699999988079071,1.0,0.9991766214370728,0.0008233785629272461,6.593980640172958e-07,0.03296990320086479,0.968032109375,162.64694663323462,0.06416753819212317,148832,
single_gaussian,4,16,0,4,0.8500000238418579,0.800000011920929,0.30000001192092896,1.0,0.9993680119514465,0.0006319880485534668,5.555884540081025e-07,0.02777942270040512,0.972938671875,162.64694663323462,0.06417084764689207,148832,
single_gaussian,4,16,1,0,0.15000000596046448,0.20000000298023224,0.20000000298023224,1.0,1.001022219657898,0.0010222196578979492,1.0991759598255157e-06,0.05495879799127579,0.948006015625,162.6307893176563,0.06521927984431386,148832,
single_gaussian,4,16,1,1,0.25,0.75,0.800000011920929,1.0,1.0002695322036743,0.0002695322036743164,7.450940459966659e-07,0.0372547022998333,0.96410265625,162.6307893176563,0.06455603195354342,148832,
single_gaussian,4,16,1,2,0.5,0.5,0.5,1.0,1.0008727312088013,0.0008727312088012695,7.004223018884659e-07,0.035021115094423294,0.966221484375,162.6307893176563,0.06491537718102336,148832,
single_gaussian,4,16,1,3,0.75,0.25,0.699999988079071,1.0,0.999159038066864,0.0008409619331359863,9.919080138206482e-07,0.04959540069103241,0.952673125,162.6307893176563,0.06438311096280813,148832,
single_gaussian,4,16,1,4,0.8500000238418579,0.800000011920929,0.30000001192092896,1.0,0.9997504353523254,0.00024956464767456055,6.260047107934952e-07,0.03130023553967476,0.969635703125,162.6307893176563,0.06425866018980742,148832,
single_gaussian,4,16,2,0,0.15000000596046448,0.20000000298023224,0.20000000298023224,1.0,0.9992234110832214,0.0007765889167785645,1.3122697174549103e-06,0.06561348587274551,0.938337890625,162.7117418302223,0.06481208559125662,148832,
single_gaussian,4,16,2,1,0.25,0.75,0.800000011920929,1.0,0.9998528361320496,0.00014716386795043945,5.912577733397484e-07,0.02956288866698742,0.971278359375,162.7117418302223,0.06425609905272722,148832,
single_gaussian,4,16,2,2,0.5,0.5,0.5,1.0,0.9983720183372498,0.0016279816627502441,6.418466567993164e-07,0.03209233283996582,0.9688078125,162.7117418302223,0.06465345434844494,148832,
single_gaussian,4,16,2,3,0.75,0.25,0.699999988079071,1.0,0.9996340274810791,0.00036597251892089844,1.0175035893917085e-06,0.05087517946958542,0.951554921875,162.7117418302223,0.06407509697601199,148832,
single_gaussian,4,16,2,4,0.8500000238418579,0.800000011920929,0.30000001192092896,1.0,1.0009217262268066,0.0009217262268066406,5.613425374031066e-07,0.028067126870155334,0.972748515625,162.7117418302223,0.06405403697863221,148832,
single_gaussian,4,32,0,0,0.15000000596046448,0.20000000298023224,0.20000000298023224,1.0,1.0013582706451416,0.0013582706451416016,9.32244211435318e-07,0.0466122105717659,0.955579921875,162.71732818335295,0.06582028698176146,177728,
single_gaussian,4,32,0,1,0.25,0.75,0.800000011920929,1.0,0.9993204474449158,0.0006795525550842285,8.83815884590149e-07,0.044190794229507446,0.957625078125,162.71732818335295,0.06545898271724582,177728,
single_gaussian,4,32,0,2,0.5,0.5,0.5,1.0,0.9988447427749634,0.001155257225036621,6.074321642518044e-07,0.030371608212590218,0.970458046875,162.71732818335295,0.06553957378491759,177728,
single_gaussian,4,32,0,3,0.75,0.25,0.699999988079071,1.0,0.9998834133148193,0.00011658668518066406,6.646190583705902e-07,0.03323095291852951,0.967831171875,162.71732818335295,0.06580690667033195,177728,
single_gaussian,4,32,0,4,0.8500000238418579,0.800000011920929,0.30000001192092896,1.0,0.9992957711219788,0.0007042288780212402,5.05746454000473e-07,0.02528732270002365,0.975303046875,162.71732818335295,0.06504003796726465,177728,
single_gaussian,4,32,1,0,0.15000000596046448,0.20000000298023224,0.20000000298023224,1.0,1.001136064529419,0.0011360645294189453,1.7121335864067077e-06,0.08560667932033539,0.921310234375,162.67937300819904,0.06608959985896945,177728,
single_gaussian,4,32,1,1,0.25,0.75,0.800000011920929,1.0,1.0005093812942505,0.0005093812942504883,5.832512676715851e-07,0.029162563383579254,0.971692421875,162.67937300819904,0.06535300193354487,177728,
single_gaussian,4,32,1,2,0.5,0.5,0.5,1.0,1.0000782012939453,7.82012939453125e-05,5.865141376852989e-07,0.029325706884264946,0.9715146875,162.67937300819904,0.06534983217716217,177728,
single_gaussian,4,32,1,3,0.75,0.25,0.699999988079071,1.0,0.9994635581970215,0.0005364418029785156,1.0054250806570054e-06,0.050271254032850266,0.952086875,162.67937300819904,0.0657347459346056,177728,
single_gaussian,4,32,1,4,0.8500000238418579,0.800000011920929,0.30000001192092896,1.0,0.9998087286949158,0.00019127130508422852,5.474309623241425e-07,0.027371548116207123,0.973348203125,162.67937300819904,0.06519646989181638,177728,
single_gaussian,4,32,2,0,0.15000000596046448,0.20000000298023224,0.20000000298023224,1.0,0.999258279800415,0.0007417201995849609,1.1482220888137818e-06,0.05741110444068909,0.945630859375,162.91166549688205,0.06580394692718983,177728,
single_gaussian,4,32,2,1,0.25,0.75,0.800000011920929,1.0,1.0003058910369873,0.0003058910369873047,7.390199601650239e-07,0.03695099800825119,0.96438734375,162.91166549688205,0.0652658105827868,177728,
single_gaussian,4,32,2,2,0.5,0.5,0.5,1.0,1.0000594854354858,5.9485435485839844e-05,6.31549283862114e-07,0.0315774641931057,0.96939328125,162.91166549688205,0.06526983110234141,177728,
single_gaussian,4,32,2,3,0.75,0.25,0.699999988079071,1.0,0.9999539852142334,4.601478576660156e-05,9.631573408842086e-07,0.048157867044210434,0.9540515625,162.91166549688205,0.0654309131205082,177728,
single_gaussian,4,32,2,4,0.8500000238418579,0.800000011920929,0.30000001192092896,1.0,0.9995099902153015,0.0004900097846984863,5.832386016845703e-07,0.029161930084228516,0.971638125,162.91166549688205,0.06498869694769382,177728,
single_gaussian,4,64,0,0,0.15000000596046448,0.20000000298023224,0.20000000298023224,1.0,1.0010154247283936,0.0010154247283935547,1.1879435181617737e-06,0.059397175908088684,0.94404140625,162.7021382949315,0.06698162108659744,235520,
single_gaussian,4,64,0,1,0.25,0.75,0.800000011920929,1.0,0.9995404481887817,0.0004595518112182617,8.014056086540222e-07,0.04007028043270111,0.96144015625,162.7021382949315,0.06651068525388837,235520,
single_gaussian,4,64,0,2,0.5,0.5,0.5,1.0,0.998244047164917,0.0017559528350830078,7.642130553722381e-07,0.03821065276861191,0.963071484375,162.7021382949315,0.06636947393417358,235520,
single_gaussian,4,64,0,3,0.75,0.25,0.699999988079071,1.0,1.0005261898040771,0.0005261898040771484,1.3051596283912658e-06,0.0652579814195633,0.93880140625,162.7021382949315,0.06684852996841073,235520,
single_gaussian,4,64,0,4,0.8500000238418579,0.800000011920929,0.30000001192092896,1.0,0.9991371035575867,0.0008628964424133301,6.119359284639358e-07,0.030596796423196793,0.970262265625,162.7021382949315,0.0662489328533411,235520,
single_gaussian,4,64,1,0,0.15000000596046448,0.20000000298023224,0.20000000298023224,1.0,1.0008559226989746,0.0008559226989746094,8.466905355453491e-07,0.042334526777267456,0.959452265625,162.8593926052563,0.0671352818608284,235520,
single_gaussian,4,64,1,1,0.25,0.75,0.800000011920929,1.0,1.0001264810562134,0.0001264810562133789,6.988880783319473e-07,0.034944403916597366,0.966244453125,162.8593926052563,0.06637048395350575,235520,
single_gaussian,4,64,1,2,0.5,0.5,0.5,1.0,0.9998984336853027,0.00010156631469726562,6.516830623149872e-07,0.03258415311574936,0.968438359375,162.8593926052563,0.06633814284577966,235520,
single_gaussian,4,64,1,3,0.75,0.25,0.699999988079071,1.0,0.9990652799606323,0.0009347200393676758,9.207733720541e-07,0.046038668602705,0.9559096875,162.8593926052563,0.06682705925777555,235520,
single_gaussian,4,64,1,4,0.8500000238418579,0.800000011920929,0.30000001192092896,1.0,1.0004551410675049,0.0004551410675048828,6.992156058549882e-07,0.034960780292749405,0.966250546875,162.8593926052563,0.06633091298863292,235520,
single_gaussian,4,64,2,0,0.15000000596046448,0.20000000298023224,0.20000000298023224,1.0,0.999555766582489,0.00044423341751098633,9.803833067417145e-07,0.049019165337085724,0.95323265625,162.91946260631084,0.06726724375039339,235520,
single_gaussian,4,64,2,1,0.25,0.75,0.800000011920929,1.0,0.9989981055259705,0.001001894474029541,9.476208686828614e-07,0.047381043434143066,0.9546765625,162.91946260631084,0.06637141387909651,235520,
single_gaussian,4,64,2,2,0.5,0.5,0.5,1.0,0.9994698166847229,0.0005301833152770996,6.538544595241547e-07,0.03269272297620773,0.968310390625,162.91946260631084,0.06643183389678597,235520,
single_gaussian,4,64,2,3,0.75,0.25,0.699999988079071,1.0,0.9996297955513,0.00037020444869995117,1.3201545178890229e-06,0.06600772589445114,0.938037578125,162.91946260631084,0.06682212930172682,235520,
single_gaussian,4,64,2,4,0.8500000238418579,0.800000011920929,0.30000001192092896,1.0,1.000778079032898,0.0007780790328979492,5.926091223955155e-07,0.029630456119775772,0.97126625,162.91946260631084,0.06634230306372046,235520,
single_gaussian,8,8,0,0,0.15000000596046448,0.20000000298023224,0.20000000298023224,1.0,1.0032747983932495,0.0032747983932495117,3.9442551136016846e-06,0.19721275568008423,0.836173984375,340.0251701329835,0.13752099219709635,289904,
single_gaussian,8,8,0,1,0.25,0.75,0.800000011920929,1.0,0.9985060095787048,0.001493990421295166,2.931874692440033e-06,0.14659373462200165,0.871816953125,340.0251701329835,0.13720519887283444,289904,
single_gaussian,8,8,0,2,0.5,0.5,0.5,1.0,0.9972283840179443,0.002771615982055664,2.3098090291023253e-06,0.11549045145511627,0.895952265625,340.0251701329835,0.1369684860110283,289904,
single_gaussian,8,8,0,3,0.75,0.25,0.699999988079071,1.0,1.0028908252716064,0.0028908252716064453,2.9385751485824586e-06,0.14692875742912292,0.87253953125,340.0251701329835,0.136544622015208,289904,
single_gaussian,8,8,0,4,0.8500000238418579,0.800000011920929,0.30000001192092896,1.0,1.0034106969833374,0.0034106969833374023,2.8590065240859984e-06,0.14295032620429993,0.87567421875,340.0251701329835,0.13674975419417024,289904,
single_gaussian,8,8,1,0,0.15000000596046448,0.20000000298023224,0.20000000298023224,1.0,1.0012731552124023,0.0012731552124023438,4.782418608665466e-06,0.23912093043327332,0.807422890625,339.8751242640428,0.1377865462563932,289904,
single_gaussian,8,8,1,1,0.25,0.75,0.800000011920929,1.0,0.9995019435882568,0.0004980564117431641,2.8038135170936585e-06,0.14019067585468292,0.876940859375,339.8751242640428,0.1380027076229453,289904,
single_gaussian,8,8,1,2,0.5,0.5,0.5,1.0,0.9963656067848206,0.0036343932151794434,2.3521047830581666e-06,0.11760523915290833,0.894084453125,339.8751242640428,0.13637514924630523,289904,
single_gaussian,8,8,1,3,0.75,0.25,0.699999988079071,1.0,0.9962379336357117,0.00376206636428833,3.4189730882644653e-06,0.17094865441322327,0.85306859375,339.8751242640428,0.13618824630975723,289904,
single_gaussian,8,8,1,4,0.8500000238418579,0.800000011920929,0.30000001192092896,1.0,1.0009652376174927,0.0009652376174926758,2.398681044578552e-06,0.11993405222892761,0.8930959375,339.8751242640428,0.13621954713016748,289904,
single_gaussian,8,8,2,0,0.15000000596046448,0.20000000298023224,0.20000000298023224,1.0,1.0036871433258057,0.003687143325805664,4.189730286598206e-06,0.20948651432991028,0.827851484375,339.8853930020705,0.13818491995334625,289904,
single_gaussian,8,8,2,1,0.25,0.75,0.800000011920929,1.0,1.0012065172195435,0.001206517219543457,2.7482452988624574e-06,0.13741226494312286,0.879446640625,339.8853930020705,0.13803262822329998,289904,
single_gaussian,8,8,2,2,0.5,0.5,0.5,1.0,0.9976556897163391,0.0023443102836608887,2.04275518655777e-06,0.10213775932788849,0.90693390625,339.8853930020705,0.13690992631018162,289904,
single_gaussian,8,8,2,3,0.75,0.25,0.699999988079071,1.0,1.0015554428100586,0.0015554428100585938,2.9804947972297668e-06,0.14902473986148834,0.870656015625,339.8853930020705,0.13711585756391287,289904,
single_gaussian,8,8,2,4,0.8500000238418579,0.800000011920929,0.30000001192092896,1.0,0.9993752837181091,0.0006247162818908691,2.623836100101471e-06,0.13119180500507355,0.883897421875,339.8853930020705,0.13709016842767596,289904,
single_gaussian,8,16,0,0,0.15000000596046448,0.20000000298023224,0.20000000298023224,1.0,1.000244140625,0.000244140625,2.9531818628311155e-06,0.1476590931415558,0.871395859375,338.6304358029738,0.13866535481065512,320864,
single_gaussian,8,16,0,1,0.25,0.75,0.800000011920929,1.0,1.0008938312530518,0.0008938312530517578,1.8821555376052856e-06,0.09410777688026428,0.914128671875,338.6304358029738,0.13886972796171904,320864,
single_gaussian,8,16,0,2,0.5,0.5,0.5,1.0,0.9993448257446289,0.0006551742553710938,1.2826895713806153e-06,0.06413447856903076,0.939657578125,338.6304358029738,0.13737773010507226,320864,
single_gaussian,8,16,0,3,0.75,0.25,0.699999988079071,1.0,1.001377820968628,0.0013778209686279297,1.3391280174255372e-06,0.06695640087127686,0.93740828125,338.6304358029738,0.1377589451149106,320864,
single_gaussian,8,16,0,4,0.8500000238418579,0.800000011920929,0.30000001192092896,1.0,1.0008267164230347,0.000826716423034668,1.4608711004257203e-06,0.07304355502128601,0.9320346875,338.6304358029738,0.13737325090914965,320864,
single_gaussian,8,16,1,0,0.15000000596046448,0.20000000298023224,0.20000000298023224,1.0,0.9998344779014587,0.00016552209854125977,2.2014860808849334e-06,0.11007430404424667,0.900812734375,338.3686718000099,0.13894869899377227,320864,
single_gaussian,8,16,1,1,0.25,0.75,0.800000011920929,1.0,1.0003998279571533,0.0003998279571533203,1.4408668875694275e-06,0.07204334437847137,0.932849453125,338.3686718000099,0.13790160603821278,320864,
single_gaussian,8,16,1,2,0.5,0.5,0.5,1.0,0.9991680979728699,0.000831902027130127,1.2676510214805604e-06,0.06338255107402802,0.940303203125,338.3686718000099,0.13831905089318752,320864,
single_gaussian,8,16,1,3,0.75,0.25,0.699999988079071,1.0,0.9978590607643127,0.002140939235687256,1.5196442604064941e-06,0.07598221302032471,0.92910296875,338.3686718000099,0.13767982413992286,320864,
single_gaussian,8,16,1,4,0.8500000238418579,0.800000011920929,0.30000001192092896,1.0,1.0020813941955566,0.0020813941955566406,1.5070360898971558e-06,0.07535180449485779,0.93020015625,338.3686718000099,0.13727803993970156,320864,
single_gaussian,8,16,2,0,0.15000000596046448,0.20000000298023224,0.20000000298023224,1.0,1.0011001825332642,0.0011001825332641602,2.9411855340003966e-06,0.14705927670001984,0.872042265625,338.648576722946,0.13864281494170427,320864,
single_gaussian,8,16,2,1,0.25,0.75,0.800000011920929,1.0,0.9999515414237976,4.845857620239258e-05,1.2926515936851501e-06,0.06463257968425751,0.93928671875,338.648576722946,0.13784685591235757,320864,
single_gaussian,8,16,2,2,0.5,0.5,0.5,1.0,0.9998432397842407,0.00015676021575927734,1.207277625799179e-06,0.060363881289958954,0.94305671875,338.648576722946,0.13907545991241932,320864,
single_gaussian,8,16,2,3,0.75,0.25,0.699999988079071,1.0,1.0011305809020996,0.0011305809020996094,1.599377542734146e-06,0.0799688771367073,0.92610890625,338.648576722946,0.1375447823666036,320864,
single_gaussian,8,16,2,4,0.8500000238418579,0.800000011920929,0.30000001192092896,1.0,0.9994755387306213,0.0005244612693786621,1.6381597518920899e-06,0.08190798759460449,0.924221015625,338.648576722946,0.1375122619792819,320864,
single_gaussian,8,32,0,0,0.15000000596046448,0.20000000298023224,0.20000000298023224,1.0,0.9998512268066406,0.000148773193359375,2.1474990248680115e-06,0.10737495124340057,0.903012109375,338.7804653979838,0.140082951169461,382784,
single_gaussian,8,32,0,1,0.25,0.75,0.800000011920929,1.0,1.0008854866027832,0.0008854866027832031,1.6173642873764038e-06,0.08086821436882019,0.925306015625,338.7804653979838,0.13927870336920023,382784,
single_gaussian,8,32,0,2,0.5,0.5,0.5,1.0,0.9987451434135437,0.0012548565864562988,1.3220320641994477e-06,0.06610160320997238,0.937851953125,338.7804653979838,0.13976248819380999,382784,
single_gaussian,8,32,0,3,0.75,0.25,0.699999988079071,1.0,1.0011509656906128,0.001150965690612793,1.2017065286636353e-06,0.06008532643318176,0.94344421875,338.7804653979838,0.1385394032113254,382784,
single_gaussian,8,32,0,4,0.8500000238418579,0.800000011920929,0.30000001192092896,1.0,1.0020725727081299,0.002072572708129883,1.2601062655448914e-06,0.06300531327724457,0.94096078125,338.7804653979838,0.13861139491200447,382784,
single_gaussian,8,32,1,0,0.15000000596046448,0.20000000298023224,0.20000000298023224,1.0,0.9988913536071777,0.0011086463928222656,2.2259514033794402e-06,0.11129757016897202,0.899650703125,338.34837690368295,0.1403102963231504,382784,
single_gaussian,8,32,1,1,0.25,0.75,0.800000011920929,1.0,0.9997791647911072,0.00022083520889282227,1.378357857465744e-06,0.0689178928732872,0.93550015625,338.34837690368295,0.13966981833800673,382784,
single_gaussian,8,32,1,2,0.5,0.5,0.5,1.0,0.9984655380249023,0.0015344619750976562,1.0945192724466323e-06,0.05472596362233162,0.94796328125,338.34837690368295,0.14019781397655606,382784,
single_gaussian,8,32,1,3,0.75,0.25,0.699999988079071,1.0,0.9985227584838867,0.0014772415161132812,1.6853202879428864e-06,0.08426601439714432,0.9220721875,338.34837690368295,0.13970494782552123,382784,
single_gaussian,8,32,1,4,0.8500000238418579,0.800000011920929,0.30000001192092896,1.0,1.002832293510437,0.0028322935104370117,1.2489020079374313e-06,0.06244510039687157,0.94153828125,338.34837690368295,0.13994397222995758,382784,
single_gaussian,8,32,2,0,0.15000000596046448,0.20000000298023224,0.20000000298023224,1.0,0.9996935725212097,0.0003064274787902832,2.1242901682853697e-06,0.1062145084142685,0.90393234375,337.85506063280627,0.1406888198107481,382784,
single_gaussian,8,32,2,1,0.25,0.75,0.800000011920929,1.0,1.0009000301361084,0.0009000301361083984,1.3679195940494538e-06,0.06839597970247269,0.936091328125,337.85506063280627,0.13970920769497752,382784,
single_gaussian,8,32,2,2,0.5,0.5,0.5,1.0,0.9992620944976807,0.0007379055023193359,1.0706182569265366e-06,0.05353091284632683,0.949118671875,337.85506063280627,0.1398633411154151,382784,
single_gaussian,8,32,2,3,0.75,0.25,0.699999988079071,1.0,1.001211166381836,0.0012111663818359375,1.813051700592041e-06,0.09065258502960205,0.917068203125,337.85506063280627,0.14056209800764918,382784,
single_gaussian,8,32,2,4,0.8500000238418579,0.800000011920929,0.30000001192092896,1.0,1.0009571313858032,0.0009571313858032227,1.2274744361639023e-06,0.061373721808195114,0.942280390625,337.85506063280627,0.13964532827958465,382784,
single_gaussian,8,64,0,0,0.15000000596046448,0.20000000298023224,0.20000000298023224,1.0,0.9997513294219971,0.0002486705780029297,1.9077304005622864e-06,0.09538652002811432,0.912881796875,338.1051597641781,0.14319020882248878,506624,
single_gaussian,8,64,0,1,0.25,0.75,0.800000011920929,1.0,1.0007953643798828,0.0007953643798828125,1.624128520488739e-06,0.08120642602443695,0.92500453125,338.1051597641781,0.14274681266397238,506624,
single_gaussian,8,64,0,2,0.5,0.5,0.5,1.0,0.9973331093788147,0.0026668906211853027,1.4271999895572663e-06,0.07135999947786331,0.9330615625,338.1051597641781,0.14361857390031219,506624,
single_gaussian,8,64,0,3,0.75,0.25,0.699999988079071,1.0,1.0003567934036255,0.0003567934036254883,1.9342486560344695e-06,0.09671243280172348,0.91187484375,338.1051597641781,0.1422296380624175,506624,
single_gaussian,8,64,0,4,0.8500000238418579,0.800000011920929,0.30000001192092896,1.0,1.0007349252700806,0.0007349252700805664,1.4092843234539031e-06,0.07046421617269516,0.934265625,338.1051597641781,0.1422263872809708,506624,
single_gaussian,8,64,1,0,0.15000000596046448,0.20000000298023224,0.20000000298023224,1.0,1.0007039308547974,0.0007039308547973633,1.8941043317317962e-06,0.09470521658658981,0.91360078125,337.82552623096853,0.14366319216787815,506624,
single_gaussian,8,64,1,1,0.25,0.75,0.800000011920929,1.0,1.0001624822616577,0.00016248226165771484,1.2851718068122864e-06,0.06425859034061432,0.93964078125,337.82552623096853,0.1436216328293085,506624,
single_gaussian,8,64,1,2,0.5,0.5,0.5,1.0,0.9988251328468323,0.0011748671531677246,1.4787894487380981e-06,0.07393947243690491,0.931001484375,337.82552623096853,0.1443342501297593,506624,
single_gaussian,8,64,1,3,0.75,0.25,0.699999988079071,1.0,0.9986905455589294,0.0013094544410705566,1.9940422475337984e-06,0.09970211237668991,0.9091225,337.82552623096853,0.1429883949458599,506624,
single_gaussian,8,64,1,4,0.8500000238418579,0.800000011920929,0.30000001192092896,1.0,1.0004513263702393,0.0004513263702392578,1.4396294951438905e-06,0.07198147475719452,0.932909765625,337.82552623096853,0.1432902291417122,506624,
single_gaussian,8,64,2,0,0.15000000596046448,0.20000000298023224,0.20000000298023224,1.0,0.9986874461174011,0.001312553882598877,1.9348753988742826e-06,0.09674376994371414,0.911580234375,338.4147281148471,0.14373979391530156,506624,
single_gaussian,8,64,2,1,0.25,0.75,0.800000011920929,1.0,1.001204013824463,0.0012040138244628906,1.2944035232067108e-06,0.06472017616033554,0.93935234375,338.4147281148471,0.14269873220473528,506624,
single_gaussian,8,64,2,2,0.5,0.5,0.5,1.0,1.000364065170288,0.00036406517028808594,1.139197275042534e-06,0.056959863752126694,0.9461478125,338.4147281148471,0.14289499493315816,506624,
single_gaussian,8,64,2,3,0.75,0.25,0.699999988079071,1.0,0.9997338652610779,0.00026613473892211914,1.9326205551624296e-06,0.09663102775812149,0.911842578125,338.4147281148471,0.14323666784912348,506624,
single_gaussian,8,64,2,4,0.8500000238418579,0.800000011920929,0.30000001192092896,1.0,0.9996213912963867,0.00037860870361328125,1.2477252632379531e-06,0.06238626316189766,0.941236484375,338.4147281148471,0.14237159816548228,506624,
sharp_broad,2,8,0,0,0.15000000596046448,0.20000000298023224,0.20000000298023224,1.0,1.000931978225708,0.0009319782257080078,4.806999564170838e-06,0.24034997820854187,0.806518046875,73.77187016932294,0.04214846482500434,57392,0.7308094501495361
sharp_broad,2,8,0,1,0.25,0.75,0.800000011920929,1.0,1.0000004768371582,4.76837158203125e-07,1.5528972446918488e-06,0.07764486223459244,0.9279509375,73.77187016932294,0.027622937224805355,57392,0.43139249086380005
sharp_broad,2,8,0,2,0.5,0.5,0.5,1.0,1.001526951789856,0.001526951789855957,1.4553532004356385e-06,0.07276766002178192,0.9323621875,73.77187016932294,0.02765081822872162,57392,0.3119829297065735
sharp_broad,2,8,0,3,0.75,0.25,0.699999988079071,1.0,0.999983549118042,1.6450881958007812e-05,2.6472035050392152e-06,0.13236017525196075,0.883109921875,73.77187016932294,0.02743222564458847,57392,0.832390546798706
sharp_broad,2,8,0,4,0.8500000238418579,0.800000011920929,0.30000001192092896,1.0,1.0009669065475464,0.0009669065475463867,1.30484402179718e-06,0.06524220108985901,0.93886578125,73.77187016932294,0.027490966953337193,57392,0.09717971831560135
sharp_broad,2,8,1,0,0.15000000596046448,0.20000000298023224,0.20000000298023224,1.0,0.9991841316223145,0.0008158683776855469,4.58410233259201e-06,0.22920511662960052,0.813289140625,73.78739028703421,0.02794243162497878,57392,0.6839239001274109
sharp_broad,2,8,1,1,0.25,0.75,0.800000011920929,1.0,0.998771607875824,0.0012283921241760254,1.1944392323493958e-06,0.05972196161746979,0.943513828125,73.78739028703421,0.027603656984865665,57392,0.2325567901134491
sharp_broad,2,8,1,2,0.5,0.5,0.5,1.0,1.002492904663086,0.0024929046630859375,1.4505587518215179e-06,0.0725279375910759,0.93269125,73.78739028703421,0.027519575785845518,57392,0.33854737877845764
sharp_broad,2,8,1,3,0.75,0.25,0.699999988079071,1.0,1.0000442266464233,4.4226646423339844e-05,3.095773756504059e-06,0.15478868782520294,0.865971796875,73.78739028703421,0.027651697862893343,57392,1.153954267501831
sharp_broad,2,8,1,4,0.8500000238418579,0.800000011920929,0.30000001192092896,1.0,0.9995718002319336,0.00042819976806640625,1.2387683987617493e-06,0.06193841993808746,0.941628125,73.78739028703421,0.02772130910307169,57392,0.0994660034775734
sharp_broad,2,8,2,0,0.15000000596046448,0.20000000298023224,0.20000000298023224,1.0,1.001591682434082,0.0015916824340820312,4.437565803527832e-06,0.2218782901763916,0.81888734375,73.83122838195413,0.028173224069178104,57392,0.6065599322319031
sharp_broad,2,8,2,1,0.25,0.75,0.800000011920929,1.0,1.001578688621521,0.001578688621520996,1.364525854587555e-06,0.06822629272937775,0.93632078125,73.83122838195413,0.02768200822174549,57392,0.25410449504852295
sharp_broad,2,8,2,2,0.5,0.5,0.5,1.0,1.0008790493011475,0.0008790493011474609,1.365198940038681e-06,0.06825994700193405,0.93620796875,73.83122838195413,0.027581267058849335,57392,0.26719963550567627
sharp_broad,2,8,2,3,0.75,0.25,0.699999988079071,1.0,1.0006370544433594,0.000637054443359375,2.9933688044548037e-06,0.14966844022274017,0.8699625,73.83122838195413,0.0276821693405509,57392,0.9979036450386047
sharp_broad,2,8,2,4,0.8500000238418579,0.800000011920929,0.30000001192092896,1.0,1.000745177268982,0.0007451772689819336,1.1059296131134033e-06,0.055296480655670166,0.947676015625,73.83122838195413,0.027571148239076138,57392,0.09441030025482178
sharp_broad,2,16,0,0,0.15000000596046448,0.20000000298023224,0.20000000298023224,1.0,1.0016065835952759,0.001606583595275879,4.097961783409119e-06,0.20489808917045593,0.830401171875,73.85610717907548,0.028171894140541553,63584,0.48111557960510254
sharp_broad,2,16,0,1,0.25,0.75,0.800000011920929,1.0,0.9996429681777954,0.00035703182220458984,1.3415931165218354e-06,0.06707965582609177,0.93709609375,73.85610717907548,0.02769816806539893,63584,0.27515968680381775
sharp_broad,2,16,0,2,0.5,0.5,0.5,1.0,1.0010931491851807,0.001093149185180664,1.1684896796941757e-06,0.058424483984708786,0.94491546875,73.85610717907548,0.027660788036882877,63584,0.24156907200813293
sharp_broad,2,16,0,3,0.75,0.25,0.699999988079071,1.0,0.9992834329605103,0.0007165670394897461,2.056257873773575e-06,0.10281289368867874,0.906652578125,73.85610717907548,0.027647587936371565,63584,0.5112889409065247
sharp_broad,2,16,0,4,0.8500000238418579,0.800000011920929,0.30000001192092896,1.0,1.0007160902023315,0.000716090202331543,1.262766867876053e-06,0.06313834339380264,0.9406925,73.85610717907548,0.02757382718846202,63584,0.10345078259706497
sharp_broad,2,16,1,0,0.15000000596046448,0.20000000298023224,0.20000000298023224,1.0,0.9982920289039612,0.0017079710960388184,4.4941610097885136e-06,0.22470805048942566,0.816011484375,73.76610159315169,0.028210004325956106,63584,0.3788820207118988
sharp_broad,2,16,1,1,0.25,0.75,0.800000011920929,1.0,0.9991954565048218,0.0008045434951782227,9.762021154165268e-07,0.04881010577082634,0.953391015625,73.76610159315169,0.02781391004100442,63584,0.11048955470323563
sharp_broad,2,16,1,2,0.5,0.5,0.5,1.0,1.0012493133544922,0.0012493133544921875,1.072627529501915e-06,0.05363137647509575,0.94922,73.76610159315169,0.027469835709780455,63584,0.16235928237438202
sharp_broad,2,16,1,3,0.75,0.25,0.699999988079071,1.0,1.0000975131988525,9.751319885253906e-05,2.5797179341316222e-06,0.12898589670658112,0.8857725,73.76610159315169,0.027719689067453146,63584,0.9981038570404053
sharp_broad,2,16,1,4,0.8500000238418579,0.800000011920929,0.30000001192092896,1.0,1.0002392530441284,0.00023925304412841797,1.099732741713524e-06,0.05498663708567619,0.94790390625,73.76610159315169,0.0277423900552094,63584,0.057681042701005936
sharp_broad,2,16,2,0,0.15000000596046448,0.20000000298023224,0.20000000298023224,1.0,1.0008008480072021,0.0008008480072021484,4.153686463832856e-06,0.20768432319164276,0.828261640625,73.83680075639859,0.02825696486979723,63584,0.41807883977890015
sharp_broad,2,16,2,1,0.25,0.75,0.800000011920929,1.0,1.0015915632247925,0.0015915632247924805,1.1006133258342744e-06,0.055030666291713715,0.947997734375,73.83680075639859,0.02783948089927435,63584,0.16669487953186035
sharp_broad,2,16,2,2,0.5,0.5,0.5,1.0,1.0000228881835938,2.288818359375e-05,1.0968054085969926e-06,0.054840270429849625,0.948014140625,73.83680075639859,0.027787350118160248,63584,0.18384766578674316
sharp_broad,2,16,2,3,0.75,0.25,0.699999988079071,1.0,1.001081109046936,0.0010811090469360352,2.3564094305038454e-06,0.11782047152519226,0.894803515625,73.83680075639859,0.027849630918353796,63584,0.5747171640396118
sharp_broad,2,16,2,4,0.8500000238418579,0.800000011920929,0.30000001192092896,1.0,1.0002747774124146,0.0002747774124145508,1.046673282980919e-06,0.052333664149045944,0.95029578125,73.83680075639859,0.0279245818965137,63584,0.05999482050538063
sharp_broad,2,32,0,0,0.15000000596046448,0.20000000298023224,0.20000000298023224,1.0,1.0010058879852295,0.0010058879852294922,4.846537411212921e-06,0.24232687056064606,0.805259765625,73.8118831361644,0.028583689127117395,75968,0.5036172866821289
sharp_broad,2,32,0,1,0.25,0.75,0.800000011920929,1.0,1.0005992650985718,0.0005992650985717773,1.0803093761205673e-06,0.054015468806028366,0.948811953125,73.8118831361644,0.028099173679947853,75968,0.24509450793266296
sharp_broad,2,32,0,2,0.5,0.5,0.5,1.0,1.0010544061660767,0.0010544061660766602,1.149616464972496e-06,0.0574808232486248,0.945752734375,73.8118831361644,0.027900360990315676,75968,0.2764531672000885
sharp_broad,2,32,0,3,0.75,0.25,0.699999988079071,1.0,0.9985520243644714,0.0014479756355285645,2.4733611941337587e-06,0.12366805970668793,0.889660390625,73.8118831361644,0.028185013681650162,75968,1.0657230615615845
sharp_broad,2,32,0,4,0.8500000238418579,0.800000011920929,0.30000001192092896,1.0,1.0009657144546509,0.0009657144546508789,1.2228745222091675e-06,0.061143726110458374,0.94248515625,73.8118831361644,0.02824122505262494,75968,0.09966567903757095
sharp_broad,2,32,1,0,0.15000000596046448,0.20000000298023224,0.20000000298023224,1.0,0.9974996447563171,0.0025003552436828613,4.707468748092651e-06,0.23537343740463257,0.8087015625,73.78646371280774,0.028591409791260958,75968,0.5752761363983154
sharp_broad,2,32,1,1,0.25,0.75,0.800000011920929,1.0,0.9990487098693848,0.0009512901306152344,9.058307111263275e-07,0.045291535556316376,0.956592734375,73.78646371280774,0.028163644019514322,75968,0.13073676824569702
sharp_broad,2,32,1,2,0.5,0.5,0.5,1.0,1.000576376914978,0.0005763769149780273,1.0468530654907226e-06,0.05234265327453613,0.95031609375,73.78646371280774,0.02804433275014162,75968,0.20912663638591766
sharp_broad,2,32,1,3,0.75,0.25,0.699999988079071,1.0,0.9997168779373169,0.00028312206268310547,2.4575930833816527e-06,0.12287965416908264,0.8905140625,73.78646371280774,0.027970171999186277,75968,0.9392119646072388
sharp_broad,2,32,1,4,0.8500000238418579,0.800000011920929,0.30000001192092896,1.0,1.000224232673645,0.00022423267364501953,1.1755521595478059e-06,0.05877760797739029,0.94451015625,73.78646371280774,0.02796541340649128,75968,0.07820133864879608
sharp_broad,2,32,2,0,0.15000000596046448,0.20000000298023224,0.20000000298023224,1.0,1.0008774995803833,0.0008774995803833008,4.6684920787811276e-06,0.2334246039390564,0.811022890625,73.84230117686093,0.028371715918183327,75968,0.6568664908409119
sharp_broad,2,32,2,1,0.25,0.75,0.800000011920929,1.0,1.0011863708496094,0.001186370849609375,1.0576105117797853e-06,0.05288052558898926,0.94988921875,73.84230117686093,0.027982491999864578,75968,0.17939524352550507
sharp_broad,2,32,2,2,0.5,0.5,0.5,1.0,0.9995458126068115,0.00045418739318847656,1.0318604111671447e-06,0.05159302055835724,0.95089671875,73.84230117686093,0.027869090903550386,75968,0.18756090104579926
sharp_broad,2,32,2,3,0.75,0.25,0.699999988079071,1.0,1.0017776489257812,0.00177764892578125,2.5657159090042113e-06,0.12828579545021057,0.88665984375,73.84230117686093,0.027984661981463432,75968,0.9386977553367615
sharp_broad,2,32,2,4,0.8500000238418579,0.800000011920929,0.30000001192092896,1.0,1.001001238822937,0.0010012388229370117,1.2364087253808975e-06,0.061820436269044876,0.941889453125,73.84230117686093,0.027966591995209455,75968,0.07660255581140518
sharp_broad,2,64,0,0,0.15000000596046448,0.20000000298023224,0.20000000298023224,1.0,1.0003572702407837,0.0003572702407836914,5.893982648849487e-06,0.29469913244247437,0.772509375,73.84589837677777,0.029032504186034203,100736,0.7716655135154724
sharp_broad,2,64,0,1,0.25,0.75,0.800000011920929,1.0,1.0000125169754028,1.2516975402832031e-05,1.7446865141391753e-06,0.08723432570695877,0.91976828125,73.84589837677777,0.028539538849145174,100736,0.4491523802280426
sharp_broad,2,64,0,2,0.5,0.5,0.5,1.0,1.0015634298324585,0.001563429832458496,1.1945949494838716e-06,0.05972974747419357,0.94380390625,73.84589837677777,0.028568618930876255,100736,0.25430670380592346
sharp_broad,2,64,0,3,0.75,0.25,0.699999988079071,1.0,0.9991334080696106,0.0008665919303894043,2.5264328718185426e-06,0.12632164359092712,0.887675,73.84589837677777,0.028512968216091394,100736,0.9516237378120422
sharp_broad,2,64,0,4,0.8500000238418579,0.800000011920929,0.30000001192092896,1.0,1.00222647190094,0.0022264719009399414,1.5314348042011262e-06,0.0765717402100563,0.9291690625,73.84589837677777,0.028476248029619455,100736,0.11900277435779572
sharp_broad,2,64,1,0,0.15000000596046448,0.20000000298023224,0.20000000298023224,1.0,0.9981731176376343,0.0018268823623657227,5.225384831428528e-06,0.2612692415714264,0.792254140625,73.77946698199958,0.0289784730412066,100736,0.7351657748222351
sharp_broad,2,64,1,1,0.25,0.75,0.800000011920929,1.0,0.9991269111633301,0.0008730888366699219,1.3276885449886323e-06,0.06638442724943161,0.93764734375,73.77946698199958,0.028415407985448837,100736,0.262605220079422
sharp_broad,2,64,1,2,0.5,0.5,0.5,1.0,1.0001881122589111,0.0001881122589111328,1.173131987452507e-06,0.05865659937262535,0.944614140625,73.77946698199958,0.028418617323040962,100736,0.20998220145702362
sharp_broad,2,64,1,3,0.75,0.25,0.699999988079071,1.0,1.0004453659057617,0.00044536590576171875,2.779768705368042e-06,0.1389884352684021,0.87806953125,73.77946698199958,0.028451617807149887,100736,1.195447325706482
sharp_broad,2,64,1,4,0.8500000238418579,0.800000011920929,0.30000001192092896,1.0,1.0003254413604736,0.0003254413604736328,1.4918528497219086e-06,0.07459264248609543,0.930628671875,73.77946698199958,0.02836816618219018,100736,0.10139607638120651
sharp_broad,2,64,2,0,0.15000000596046448,0.20000000298023224,0.20000000298023224,1.0,1.0010892152786255,0.0010892152786254883,5.616654753684998e-06,0.2808327376842499,0.78111796875,73.84310837602243,0.028896161820739508,100736,0.5996056795120239
sharp_broad,2,64,2,1,0.25,0.75,0.800000011920929,1.0,1.0013291835784912,0.001329183578491211,1.1625418812036514e-06,0.05812709406018257,0.945204765625,73.84310837602243,0.028386857360601425,100736,0.1775619089603424
sharp_broad,2,64,2,2,0.5,0.5,0.5,1.0,0.9992349743843079,0.0007650256156921387,1.153806447982788e-06,0.057690322399139404,0.945378359375,73.84310837602243,0.028415988199412823,100736,0.2378917932510376
sharp_broad,2,64,2,3,0.75,0.25,0.699999988079071,1.0,1.0009318590164185,0.000931859016418457,2.746993899345398e-06,0.1373496949672699,0.87943671875,73.84310837602243,0.02847790764644742,100736,1.0069376230239868
sharp_broad,2,64,2,4,0.8500000238418579,0.800000011920929,0.30000001192092896,1.0,1.0005472898483276,0.0005472898483276367,1.3596600294113159e-06,0.0679830014705658,0.936410859375,73.84310837602243,0.028442096896469593,100736,0.10184447467327118
sharp_broad,4,8,0,0,0.15000000596046448,0.20000000298023224,0.20000000298023224,1.0,0.9966695308685303,0.0033304691314697266,1.1193728446960449e-05,0.5596864223480225,0.6396226953125,162.19836949603632,0.06495299655944109,134384,
sharp_broad,4,8,0,1,0.25,0.75,0.800000011920929,1.0,0.9986916780471802,0.0013083219528198242,3.971632421016693e-06,0.19858162105083466,0.83396,162.19836949603632,0.06420737924054265,134384,
sharp_broad,4,8,0,2,0.5,0.5,0.5,1.0,1.0042517185211182,0.004251718521118164,5.44955313205719e-06,0.2724776566028595,0.787296171875,162.19836949603632,0.06372021324932575,134384,
sharp_broad,4,8,0,3,0.75,0.25,0.699999988079071,1.0,1.0023126602172852,0.0023126602172851562,8.551678061485291e-06,0.4275839030742645,0.701456796875,162.19836949603632,0.06415937887504697,134384,
sharp_broad,4,8,0,4,0.8500000238418579,0.800000011920929,0.30000001192092896,1.0,1.0002751350402832,0.0002751350402832031,4.021093845367432e-06,0.20105469226837158,0.832681015625,162.19836949603632,0.06439451221376657,134384,
sharp_broad,4,8,1,0,0.15000000596046448,0.20000000298023224,0.20000000298023224,1.0,1.0051032304763794,0.0051032304763793945,1.0661218166351318e-05,0.5330609083175659,0.6545997265625,162.16907848697156,0.06478695617988706,134384,
sharp_broad,4,8,1,1,0.25,0.75,0.800000011920929,1.0,0.9998407363891602,0.00015926361083984375,3.672484755516052e-06,0.1836242377758026,0.84482359375,162.16907848697156,0.06390531500801444,134384,
sharp_broad,4,8,1,2,0.5,0.5,0.5,1.0,1.0018396377563477,0.0018396377563476562,5.3474485874176025e-06,0.2673724293708801,0.789648671875,162.16907848697156,0.06396673573181033,134384,
sharp_broad,4,8,1,3,0.75,0.25,0.699999988079071,1.0,1.0010260343551636,0.0010260343551635742,8.976619243621826e-06,0.4488309621810913,0.690654375,162.16907848697156,0.06393974600359797,134384,
sharp_broad,4,8,1,4,0.8500000238418579,0.800000011920929,0.30000001192092896,1.0,1.0006635189056396,0.0006635189056396484,3.942063152790069e-06,0.19710315763950348,0.835535078125,162.16907848697156,0.06405638717114925,134384,
sharp_broad,4,8,2,0,0.15000000596046448,0.20000000298023224,0.20000000298023224,1.0,1.0052305459976196,0.005230545997619629,1.04899001121521e-05,0.524495005607605,0.658310390625,162.11089771194384,0.06446952186524868,134384,
sharp_broad,4,8,2,1,0.25,0.75,0.800000011920929,1.0,1.000275731086731,0.00027573108673095703,3.820514678955078e-06,0.1910257339477539,0.839689453125,162.11089771194384,0.06379263428971171,134384,
sharp_broad,4,8,2,2,0.5,0.5,0.5,1.0,1.0009856224060059,0.0009856224060058594,5.277369618415832e-06,0.2638684809207916,0.79155015625,162.11089771194384,0.06381671410053968,134384,
sharp_broad,4,8,2,3,0.75,0.25,0.699999988079071,1.0,1.0007193088531494,0.0007193088531494141,9.153292179107665e-06,0.4576646089553833,0.686342890625,162.11089771194384,0.06383467419072986,134384,
sharp_broad,4,8,2,4,0.8500000238418579,0.800000011920929,0.30000001192092896,1.0,1.0019828081130981,0.0019828081130981445,3.6376166343688965e-06,0.18188083171844482,0.846626640625,162.11089771194384,0.06380608398467302,134384,
sharp_broad,4,16,0,0,0.15000000596046448,0.20000000298023224,0.20000000298023224,1.0,0.997525691986084,0.0024743080139160156,1.0799582004547118e-05,0.539979100227356,0.648235078125,162.12373910006136,0.06656459579244256,148832,
sharp_broad,4,16,0,1,0.25,0.75,0.800000011920929,1.0,0.9989697933197021,0.0010302066802978516,3.0921271443367005e-06,0.15460635721683502,0.86585921875,162.12373910006136,0.06648972490802407,148832,
sharp_broad,4,16,0,2,0.5,0.5,0.5,1.0,1.0063287019729614,0.006328701972961426,4.313394725322723e-06,0.21566973626613617,0.82442859375,162.12373910006136,0.06548155378550291,148832,
sharp_broad,4,16,0,3,0.75,0.25,0.699999988079071,1.0,1.0001052618026733,0.00010526180267333984,6.964592337608337e-06,0.34822961688041687,0.7417575,162.12373910006136,0.06548888422548771,148832,
sharp_broad,4,16,0,4,0.8500000238418579,0.800000011920929,0.30000001192092896,1.0,0.999591052532196,0.0004089474678039551,3.2922205328941347e-06,0.16461102664470673,0.858558828125,162.12373910006136,0.06490182597190142,148832,
sharp_broad,4,16,1,0,0.15000000596046448,0.20000000298023224,0.20000000298023224,1.0,1.0016109943389893,0.0016109943389892578,1.0596827268600464e-05,0.5298413634300232,0.654395546875,162.13351040892303,0.0655373940244317,148832,
sharp_broad,4,16,1,1,0.25,0.75,0.800000011920929,1.0,0.9977604150772095,0.0022395849227905273,3.078296184539795e-06,0.15391480922698975,0.86609828125,162.13351040892303,0.06478851567953825,148832,
sharp_broad,4,16,1,2,0.5,0.5,0.5,1.0,1.001176118850708,0.0011761188507080078,4.433480501174927e-06,0.22167402505874634,0.818900859375,162.13351040892303,0.06472050538286567,148832,
sharp_broad,4,16,1,3,0.75,0.25,0.699999988079071,1.0,1.000128149986267,0.00012814998626708984,8.22683334350586e-06,0.41134166717529297,0.708602734375,162.13351040892303,0.06491559697315097,148832,
sharp_broad,4,16,1,4,0.8500000238418579,0.800000011920929,0.30000001192092896,1.0,0.999923050403595,7.69495964050293e-05,3.535877764225006e-06,0.1767938882112503,0.849749375,162.13351040892303,0.06494416808709502,148832,
sharp_broad,4,16,2,0,0.15000000596046448,0.20000000298023224,0.20000000298023224,1.0,1.0077769756317139,0.007776975631713867,1.0385633707046509e-05,0.5192816853523254,0.661687421875,162.17066358728334,0.06508344877511263,148832,
sharp_broad,4,16,2,1,0.25,0.75,0.800000011920929,1.0,0.9995138049125671,0.00048619508743286133,2.9312005639076234e-06,0.14656002819538116,0.872067890625,162.17066358728334,0.06468938430771232,148832,
sharp_broad,4,16,2,2,0.5,0.5,0.5,1.0,1.0008759498596191,0.0008759498596191406,4.548742473125458e-06,0.2274371236562729,0.814972890625,162.17066358728334,0.06461320305243134,148832,
sharp_broad,4,16,2,3,0.75,0.25,0.699999988079071,1.0,0.9990959167480469,0.000904083251953125,6.839978098869324e-06,0.3419989049434662,0.744817265625,162.17066358728334,0.06474564503878355,148832,
sharp_broad,4,16,2,4,0.8500000238418579,0.800000011920929,0.30000001192092896,1.0,1.0005195140838623,0.0005195140838623047,2.9863667488098143e-06,0.14931833744049072,0.870200703125,162.17066358728334,0.06476468499749899,148832,
sharp_broad,4,32,0,0,0.15000000596046448,0.20000000298023224,0.20000000298023224,1.0,0.9981660842895508,0.0018339157104492188,1.0873829126358032e-05,0.5436914563179016,0.6469644140625,162.2796418708749,0.06576772732660174,177728,
sharp_broad,4,32,0,1,0.25,0.75,0.800000011920929,1.0,0.999254584312439,0.0007454156875610352,2.959787845611572e-06,0.1479893922805786,0.8709228125,162.2796418708749,0.06529978197067976,177728,
sharp_broad,4,32,0,2,0.5,0.5,0.5,1.0,1.0048264265060425,0.0048264265060424805,4.6266719698905945e-06,0.23133359849452972,0.81359546875,162.2796418708749,0.06522723101079464,177728,
sharp_broad,4,32,0,3,0.75,0.25,0.699999988079071,1.0,0.9994060397148132,0.0005939602851867676,7.223424315452576e-06,0.3611712157726288,0.734433671875,162.2796418708749,0.0652248403057456,177728,
sharp_broad,4,32,0,4,0.8500000238418579,0.800000011920929,0.30000001192092896,1.0,1.0012321472167969,0.001232147216796875,3.3728185296058656e-06,0.16864092648029327,0.856001171875,162.2796418708749,0.06511263875290751,177728,
sharp_broad,4,32,1,0,0.15000000596046448,0.20000000298023224,0.20000000298023224,1.0,1.003278374671936,0.003278374671936035,1.0762404203414916e-05,0.5381202101707458,0.65163625,161.8097127918154,0.06485413620248437,177728,
sharp_broad,4,32,1,1,0.25,0.75,0.800000011920929,1.0,0.9996767044067383,0.00032329559326171875,3.08016836643219e-06,0.1540084183216095,0.86647234375,161.8097127918154,0.06435742089524865,177728,
sharp_broad,4,32,1,2,0.5,0.5,0.5,1.0,1.0019590854644775,0.001959085464477539,4.345065355300903e-06,0.21725326776504517,0.8220978125,161.8097127918154,0.06435786094516516,177728,
sharp_broad,4,32,1,3,0.75,0.25,0.699999988079071,1.0,0.9986949563026428,0.0013050436973571777,7.615392208099365e-06,0.38076961040496826,0.72371578125,161.8097127918154,0.06433951016515493,177728,
sharp_broad,4,32,1,4,0.8500000238418579,0.800000011920929,0.30000001192092896,1.0,1.000260591506958,0.0002605915069580078,3.383958637714386e-06,0.1691979318857193,0.8553540625,161.8097127918154,0.064349299762398,177728,
sharp_broad,4,32,2,0,0.15000000596046448,0.20000000298023224,0.20000000298023224,1.0,1.0069772005081177,0.006977200508117676,1.157558798789978e-05,0.578779399394989,0.6366283203125,160.73302755504847,0.06487854709848762,177728,
sharp_broad,4,32,2,1,0.25,0.75,0.800000011920929,1.0,1.000098705291748,9.870529174804688e-05,3.1098699569702148e-06,0.15549349784851074,0.865456328125,160.73302755504847,0.06435912102460861,177728,
sharp_broad,4,32,2,2,0.5,0.5,0.5,1.0,1.0004339218139648,0.00043392181396484375,4.977651238441467e-06,0.24888256192207336,0.800857421875,160.73302755504847,0.06472715502604842,177728,
sharp_broad,4,32,2,3,0.75,0.25,0.699999988079071,1.0,0.997755229473114,0.0022447705268859863,7.171655893325806e-06,0.3585827946662903,0.735190859375,160.73302755504847,0.0646277442574501,177728,
sharp_broad,4,32,2,4,0.8500000238418579,0.800000011920929,0.30000001192092896,1.0,0.9987702965736389,0.001229703426361084,3.100506663322449e-06,0.15502533316612244,0.86549796875,160.73302755504847,0.06443310203030705,177728,
sharp_broad,4,64,0,0,0.15000000596046448,0.20000000298023224,0.20000000298023224,1.0,1.0010854005813599,0.0010854005813598633,1.3711826801300049e-05,0.6855913400650024,0.5937918359375,160.55706360610202,0.06609401013702154,235520,
sharp_broad,4,64,0,1,0.25,0.75,0.800000011920929,1.0,0.9993182420730591,0.000681757926940918,3.4074905514717102e-06,0.1703745275735855,0.85426015625,160.55706360610202,0.06556420540437102,235520,
sharp_broad,4,64,0,2,0.5,0.5,0.5,1.0,1.0052250623703003,0.005225062370300293,5.467197895050049e-06,0.27335989475250244,0.78707921875,160.55706360610202,0.06576968682929873,235520,
sharp_broad,4,64,0,3,0.75,0.25,0.699999988079071,1.0,1.0002623796463013,0.00026237964630126953,9.838922023773193e-06,0.49194610118865967,0.6703859375,160.55706360610202,0.06584218796342611,235520,
sharp_broad,4,64,0,4,0.8500000238418579,0.800000011920929,0.30000001192092896,1.0,1.0004806518554688,0.00048065185546875,4.2529526352882385e-06,0.21264763176441193,0.824783671875,160.55706360610202,0.06571306614205241,235520,
sharp_broad,4,64,1,0,0.15000000596046448,0.20000000298023224,0.20000000298023224,1.0,0.9991070032119751,0.0008929967880249023,1.2105175256729126e-05,0.6052587628364563,0.6225373046875,160.57145331520587,0.06611599074676633,235520,
sharp_broad,4,64,1,1,0.25,0.75,0.800000011920929,1.0,0.9986429214477539,0.0013570785522460938,3.3292418718338012e-06,0.16646209359169006,0.856963046875,160.57145331520587,0.0654839538037777,235520,
sharp_broad,4,64,1,2,0.5,0.5,0.5,1.0,1.0019928216934204,0.00199282169342041,5.364663004875183e-06,0.26823315024375916,0.78916515625,160.57145331520587,0.06568717584013939,235520,
sharp_broad,4,64,1,3,0.75,0.25,0.699999988079071,1.0,0.9980745315551758,0.0019254684448242188,9.092905521392822e-06,0.4546452760696411,0.686628203125,160.57145331520587,0.06576170632615685,235520,
sharp_broad,4,64,1,4,0.8500000238418579,0.800000011920929,0.30000001192092896,1.0,1.000536561012268,0.0005365610122680664,3.895203173160553e-06,0.19476015865802765,0.837137109375,160.57145331520587,0.06569540593773127,235520,
sharp_broad,4,64,2,0,0.15000000596046448,0.20000000298023224,0.20000000298023224,1.0,1.0099612474441528,0.009961247444152832,1.3972084522247314e-05,0.6986042261123657,0.59351484375,160.47932046512142,0.06650013476610184,235520,
sharp_broad,4,64,2,1,0.25,0.75,0.800000011920929,1.0,0.9997169971466064,0.0002830028533935547,3.6632853746414185e-06,0.18316426873207092,0.84511984375,160.47932046512142,0.06591509887948632,235520,
sharp_broad,4,64,2,2,0.5,0.5,0.5,1.0,1.0006476640701294,0.0006476640701293945,5.291317701339721e-06,0.2645658850669861,0.79100265625,160.47932046512142,0.06565263587981462,235520,
sharp_broad,4,64,2,3,0.75,0.25,0.699999988079071,1.0,0.9960249662399292,0.003975033760070801,7.662962079048158e-06,0.38314810395240784,0.72139421875,160.47932046512142,0.06559223495423794,235520,
sharp_broad,4,64,2,4,0.8500000238418579,0.800000011920929,0.30000001192092896,1.0,0.9985191822052002,0.0014808177947998047,3.5132381319999694e-06,0.17566190659999847,0.85021015625,160.47932046512142,0.06556587480008602,235520,
sharp_broad,8,8,0,0,0.15000000596046448,0.20000000298023224,0.20000000298023224,1.0,0.998890221118927,0.001109778881072998,3.2244040966033935e-05,1.6122020483016968,0.38229890625,336.3280444731936,0.13847396383062005,289904,
sharp_broad,8,8,0,1,0.25,0.75,0.800000011920929,1.0,0.9970955848693848,0.0029044151306152344,1.4519603252410889e-05,0.7259801626205444,0.5779675,336.3280444731936,0.1378667470999062,289904,
sharp_broad,8,8,0,2,0.5,0.5,0.5,1.0,1.0089634656906128,0.008963465690612793,3.568045139312744e-05,1.784022569656372,0.363315234375,336.3280444731936,0.1384961837902665,289904,
sharp_broad,8,8,0,3,0.75,0.25,0.699999988079071,1.0,1.0120670795440674,0.012067079544067383,5.442756175994873e-05,2.7213780879974365,0.27346185546875,336.3280444731936,0.13715560920536518,289904,
sharp_broad,8,8,0,4,0.8500000238418579,0.800000011920929,0.30000001192092896,1.0,0.9931817054748535,0.006818294525146484,1.6686230897903444e-05,0.8343115448951721,0.541773671875,336.3280444731936,0.13704745704308152,289904,
sharp_broad,8,8,1,0,0.15000000596046448,0.20000000298023224,0.20000000298023224,1.0,1.010383129119873,0.010383129119873047,3.629733800888062e-05,1.8148669004440308,0.3600072265625,334.7039853259921,0.1366453617811203,289904,
sharp_broad,8,8,1,1,0.25,0.75,0.800000011920929,1.0,1.0041446685791016,0.0041446685791015625,1.6664903163909913e-05,0.8332451581954956,0.5475358984375,334.7039853259921,0.13626929791644216,289904,
sharp_broad,8,8,1,2,0.5,0.5,0.5,1.0,1.0036612749099731,0.0036612749099731445,2.7402853965759278e-05,1.3701426982879639,0.423704140625,334.7039853259921,0.13663071300834417,289904,
sharp_broad,8,8,1,3,0.75,0.25,0.699999988079071,1.0,1.011962652206421,0.011962652206420898,0.00038324108123779295,19.16205406188965,0.0507322802734375,334.7039853259921,0.13660519197583199,289904,
sharp_broad,8,8,1,4,0.8500000238418579,0.800000011920929,0.30000001192092896,1.0,1.0064749717712402,0.006474971771240234,1.7492129802703858e-05,0.8746064901351929,0.536661484375,334.7039853259921,0.1362696778960526,289904,
sharp_broad,8,8,2,0,0.15000000596046448,0.20000000298023224,0.20000000298023224,1.0,1.0060820579528809,0.006082057952880859,3.797661542892456e-05,1.898830771446228,0.34771671875,328.92330255080014,0.13655616203323007,289904,
sharp_broad,8,8,2,1,0.25,0.75,0.800000011920929,1.0,0.9904499053955078,0.009550094604492188,1.1605955362319946e-05,0.5802977681159973,0.62832609375,328.92330255080014,0.13632288901135325,289904,
sharp_broad,8,8,2,2,0.5,0.5,0.5,1.0,1.0010919570922852,0.0010919570922851562,2.758640766143799e-05,1.3793203830718994,0.4208248828125,328.92330255080014,0.13669586274772882,289904,
sharp_broad,8,8,2,3,0.75,0.25,0.699999988079071,1.0,1.002184510231018,0.0021845102310180664,3.9620730876922606e-05,1.9810365438461304,0.3364318359375,328.92330255080014,0.136374918743968,289904,
sharp_broad,8,8,2,4,0.8500000238418579,0.800000011920929,0.30000001192092896,1.0,0.9935877919197083,0.006412208080291748,1.3579418659210205e-05,0.6789709329605103,0.59250515625,328.92330255080014,0.13648388115689158,289904,
sharp_broad,8,16,0,0,0.15000000596046448,0.20000000298023224,0.20000000298023224,1.0,0.9908915162086487,0.009108483791351318,2.6939241886138917e-05,1.3469620943069458,0.421618671875,328.8903715251945,0.1373021798208356,320864,
sharp_broad,8,16,0,1,0.25,0.75,0.800000011920929,1.0,1.003080129623413,0.003080129623413086,1.2727713584899902e-05,0.6363856792449951,0.6125683984375,328.8903715251945,0.1370397969149053,320864,
sharp_broad,8,16,0,2,0.5,0.5,0.5,1.0,1.008092999458313,0.008092999458312988,3.519373178482056e-05,1.7596865892410278,0.3660976171875,328.8903715251945,0.1379956780001521,320864,
sharp_broad,8,16,0,3,0.75,0.25,0.699999988079071,1.0,1.0054486989974976,0.005448698997497559,3.4611082077026366e-05,1.7305541038513184,0.3687569140625,328.8903715251945,0.13698366610333323,320864,
sharp_broad,8,16,0,4,0.8500000238418579,0.800000011920929,0.30000001192092896,1.0,0.9964452385902405,0.0035547614097595215,1.364316463470459e-05,0.6821582317352295,0.592761015625,328.8903715251945,0.13678796356543899,320864,
sharp_broad,8,16,1,0,0.15000000596046448,0.20000000298023224,0.20000000298023224,1.0,1.0016173124313354,0.0016173124313354492,3.07610559463501e-05,1.5380527973175049,0.394779609375,328.6023349324241,0.13756109168753028,320864,
sharp_broad,8,16,1,1,0.25,0.75,0.800000011920929,1.0,1.0046827793121338,0.004682779312133789,1.3390152454376221e-05,0.669507622718811,0.6012260546875,328.6023349324241,0.13751319283619523,320864,
sharp_broad,8,16,1,2,0.5,0.5,0.5,1.0,1.010366678237915,0.010366678237915039,0.00013479660987854005,6.739830493927002,0.131542568359375,328.6023349324241,0.13697497639805079,320864,
sharp_broad,8,16,1,3,0.75,0.25,0.699999988079071,1.0,1.0049564838409424,0.004956483840942383,0.00013051072120666505,6.525536060333252,0.134026767578125,328.6023349324241,0.13668055273592472,320864,
sharp_broad,8,16,1,4,0.8500000238418579,0.800000011920929,0.30000001192092896,1.0,1.0054622888565063,0.005462288856506348,2.074162006378174e-05,1.037081003189087,0.4936266015625,328.6023349324241,0.13765314407646656,320864,
sharp_broad,8,16,2,0,0.15000000596046448,0.20000000298023224,0.20000000298023224,1.0,1.0009138584136963,0.0009138584136962891,3.360005378723145e-05,1.6800026893615723,0.37356609375,328.7595805558376,0.13703241711482406,320864,
sharp_broad,8,16,2,1,0.25,0.75,0.800000011920929,1.0,0.9960071444511414,0.003992855548858643,1.0553767681121826e-05,0.5276883840560913,0.652776875,328.7595805558376,0.13679093401879072,320864,
sharp_broad,8,16,2,2,0.5,0.5,0.5,1.0,1.009308934211731,0.009308934211730957,3.13211989402771e-05,1.566059947013855,0.394123671875,328.7595805558376,0.137558673042804,320864,
sharp_broad,8,16,2,3,0.75,0.25,0.699999988079071,1.0,1.0013796091079712,0.0013796091079711914,3.750025987625122e-05,1.875012993812561,0.34845484375,328.7595805558376,0.1365539012476802,320864,
sharp_broad,8,16,2,4,0.8500000238418579,0.800000011920929,0.30000001192092896,1.0,0.9989777207374573,0.0010222792625427246,1.1477060317993164e-05,0.5738530158996582,0.63491390625,328.7595805558376,0.13641277933493257,320864,
sharp_broad,8,32,0,0,0.15000000596046448,0.20000000298023224,0.20000000298023224,1.0,0.9908879399299622,0.009112060070037842,2.657092809677124e-05,1.328546404838562,0.4249774609375,329.1970264338888,0.13892420893535018,382784,
sharp_broad,8,32,0,1,0.25,0.75,0.800000011920929,1.0,0.9995290637016296,0.00047093629837036133,9.9751216173172e-06,0.49875608086586,0.667015234375,329.1970264338888,0.13852762384340167,382784,
sharp_broad,8,32,0,2,0.5,0.5,0.5,1.0,1.011080265045166,0.011080265045166016,5.59369421005249e-05,2.796847105026245,0.26767830078125,329.1970264338888,0.13938981387764215,382784,
sharp_broad,8,32,0,3,0.75,0.25,0.699999988079071,1.0,1.005367398262024,0.005367398262023926,3.3619616031646726e-05,1.6809808015823364,0.375509765625,329.1970264338888,0.13858882524073124,382784,
sharp_broad,8,32,0,4,0.8500000238418579,0.800000011920929,0.30000001192092896,1.0,0.9953774809837341,0.004622519016265869,1.2314118146896362e-05,0.6157059073448181,0.616741328125,329.1970264338888,0.1385906538926065,382784,
sharp_broad,8,32,1,0,0.15000000596046448,0.20000000298023224,0.20000000298023224,1.0,1.0032175779342651,0.0032175779342651367,3.070630788803101e-05,1.5353153944015503,0.395968671875,329.24593213712797,0.13915733061730862,382784,
sharp_broad,8,32,1,1,0.25,0.75,0.800000011920929,1.0,1.0083980560302734,0.008398056030273438,2.5329296588897706e-05,1.2664648294448853,0.4453483984375,329.24593213712797,0.13900763867422938,382784,
sharp_broad,8,32,1,2,0.5,0.5,0.5,1.0,1.005158543586731,0.005158543586730957,4.341280460357666e-05,2.170640230178833,0.317624296875,329.24593213712797,0.13960702624171972,382784,
sharp_broad,8,32,1,3,0.75,0.25,0.699999988079071,1.0,1.0064245462417603,0.006424546241760254,0.00010865663528442383,5.432831764221191,0.15714412109375,329.24593213712797,0.1388097070157528,382784,
sharp_broad,8,32,1,4,0.8500000238418579,0.800000011920929,0.30000001192092896,1.0,1.001147985458374,0.0011479854583740234,1.641292691230774e-05,0.820646345615387,0.5498284375,329.24593213712797,0.13867984618991613,382784,
sharp_broad,8,32,2,0,0.15000000596046448,0.20000000298023224,0.20000000298023224,1.0,1.0042234659194946,0.004223465919494629,2.8546621799468994e-05,1.4273310899734497,0.4140233984375,328.85318241035566,0.13862446509301662,382784,
sharp_broad,8,32,2,1,0.25,0.75,0.800000011920929,1.0,0.9958627820014954,0.004137217998504639,1.060383915901184e-05,0.530191957950592,0.6516375,328.85318241035566,0.13864954514428973,382784,
sharp_broad,8,32,2,2,0.5,0.5,0.5,1.0,1.0074961185455322,0.0074961185455322266,2.9397835731506348e-05,1.4698917865753174,0.4084848828125,328.85318241035566,0.1392971221357584,382784,
sharp_broad,8,32,2,3,0.75,0.25,0.699999988079071,1.0,0.9994510412216187,0.0005489587783813477,3.136556386947632e-05,1.568278193473816,0.3891095703125,328.85318241035566,0.1385715138167143,382784,
sharp_broad,8,32,2,4,0.8500000238418579,0.800000011920929,0.30000001192092896,1.0,0.9986796379089355,0.0013203620910644531,1.278217077255249e-05,0.6391085386276245,0.60946375,328.85318241035566,0.13816893892362714,382784,
sharp_broad,8,64,0,0,0.15000000596046448,0.20000000298023224,0.20000000298023224,1.0,0.9935532808303833,0.006446719169616699,3.165259599685669e-05,1.5826297998428345,0.3841422265625,330.25296953925863,0.14134979574009776,506624,
sharp_broad,8,64,0,1,0.25,0.75,0.800000011920929,1.0,1.0035210847854614,0.0035210847854614258,1.4472764730453492e-05,0.7236382365226746,0.581884375,330.25296953925863,0.14084547013044357,506624,
sharp_broad,8,64,0,2,0.5,0.5,0.5,1.0,1.0096858739852905,0.009685873985290527,5.7798199653625485e-05,2.8899099826812744,0.2607783984375,330.25296953925863,0.14096671203151345,506624,
sharp_broad,8,64,0,3,0.75,0.25,0.699999988079071,1.0,1.0004404783248901,0.0004404783248901367,3.1472713947296146e-05,1.5736356973648071,0.388769375,330.25296953925863,0.14249319909140468,506624,
sharp_broad,8,64,0,4,0.8500000238418579,0.800000011920929,0.30000001192092896,1.0,0.9951574802398682,0.004842519760131836,1.4777265787124634e-05,0.7388632893562317,0.5727191796875,330.25296953925863,0.14086944004520774,506624,
sharp_broad,8,64,1,0,0.15000000596046448,0.20000000298023224,0.20000000298023224,1.0,1.0035221576690674,0.003522157669067383,3.769530773162842e-05,1.884765386581421,0.3482475390625,329.25872001377866,0.14157998794689775,506624,
sharp_broad,8,64,1,1,0.25,0.75,0.800000011920929,1.0,1.008548617362976,0.008548617362976074,2.504155158996582e-05,1.252077579498291,0.448246015625,329.25872001377866,0.1406548977829516,506624,
sharp_broad,8,64,1,2,0.5,0.5,0.5,1.0,1.0043004751205444,0.004300475120544434,4.1385359764099124e-05,2.069267988204956,0.3277030078125,329.25872001377866,0.1409282311797142,506624,
sharp_broad,8,64,1,3,0.75,0.25,0.699999988079071,1.0,1.0006325244903564,0.0006325244903564453,6.121304512023926e-05,3.060652256011963,0.24650439453125,329.25872001377866,0.14120422443374991,506624,
sharp_broad,8,64,1,4,0.8500000238418579,0.800000011920929,0.30000001192092896,1.0,0.9989421367645264,0.0010578632354736328,1.670889377593994e-05,0.8354446887969971,0.544307109375,329.25872001377866,0.14093345077708364,506624,
sharp_broad,8,64,2,0,0.15000000596046448,0.20000000298023224,0.20000000298023224,1.0,1.0028326511383057,0.002832651138305664,2.9507668018341063e-05,1.4753834009170532,0.405345546875,332.2154350653291,0.14301857305690646,506624,
sharp_broad,8,64,2,1,0.25,0.75,0.800000011920929,1.0,0.9960792660713196,0.00392073392868042,1.1130009889602661e-05,0.5565004944801331,0.6406648046875,332.2154350653291,0.14230084512382746,506624,
sharp_broad,8,64,2,2,0.5,0.5,0.5,1.0,1.0015830993652344,0.001583099365234375,2.717189311981201e-05,1.3585946559906006,0.424758984375,332.2154350653291,0.14196348004043102,506624,
sharp_broad,8,64,2,3,0.75,0.25,0.699999988079071,1.0,1.0032124519348145,0.003212451934814453,5.046169757843018e-05,2.523084878921509,0.28515197265625,332.2154350653291,0.1433223462663591,506624,
sharp_broad,8,64,2,4,0.8500000238418579,0.800000011920929,0.30000001192092896,1.0,0.9970962405204773,0.002903759479522705,1.411450982093811e-05,0.7057254910469055,0.584854140625,332.2154350653291,0.14185485895723104,506624,
curved_ridge,2,8,0,0,0.15000000596046448,0.20000000298023224,0.20000000298023224,1.0,0.9994627833366394,0.0005372166633605957,5.840103030204773e-06,0.29200515151023865,0.77380625,73.44427738012746,0.027804609388113022,57392,1.8279674053192139
curved_ridge,2,8,0,1,0.25,0.75,0.800000011920929,1.0,1.0014811754226685,0.001481175422668457,5.929684042930603e-06,0.29648420214653015,0.771841953125,73.44427738012746,0.027354834135621786,57392,0.673883318901062
curved_ridge,2,8,0,2,0.5,0.5,0.5,1.0,0.9999610781669617,3.892183303833008e-05,7.094166874885559e-06,0.35470834374427795,0.738155078125,73.44427738012746,0.027312573045492172,57392,1.3959044218063354
curved_ridge,2,8,0,3,0.75,0.25,0.699999988079071,1.0,1.0023070573806763,0.0023070573806762695,1.278738021850586e-05,0.639369010925293,0.61109140625,73.44427738012746,0.02729971334338188,57392,2.7865700721740723
curved_ridge,2,8,0,4,0.8500000238418579,0.800000011920929,0.30000001192092896,1.0,0.9996619820594788,0.00033801794052124023,5.813234448432922e-06,0.2906617224216461,0.774681796875,73.44427738012746,0.02724983310326934,57392,0.8836497664451599
curved_ridge,2,8,1,0,0.15000000596046448,0.20000000298023224,0.20000000298023224,1.0,0.9999529719352722,4.70280647277832e-05,5.0379103422164916e-06,0.2518955171108246,0.79877671875,73.40033604670316,0.027720327954739332,57392,1.4776792526245117
curved_ridge,2,8,1,1,0.25,0.75,0.800000011920929,1.0,1.0004905462265015,0.0004905462265014648,4.539912641048432e-06,0.22699563205242157,0.8151496875,73.40033604670316,0.027414044830948114,57392,0.5223019123077393
curved_ridge,2,8,1,2,0.5,0.5,0.5,1.0,1.000198483467102,0.00019848346710205078,5.492247939109803e-06,0.2746123969554901,0.78462265625,73.40033604670316,0.02730853296816349,57392,0.9884962439537048
curved_ridge,2,8,1,3,0.75,0.25,0.699999988079071,1.0,1.0025660991668701,0.002566099166870117,1.1436007022857666e-05,0.5718003511428833,0.637403203125,73.40033604670316,0.027301182970404625,57392,2.3880558013916016
curved_ridge,2,8,1,4,0.8500000238418579,0.800000011920929,0.30000001192092896,1.0,1.0023179054260254,0.0023179054260253906,4.333857297897339e-06,0.21669286489486694,0.82257984375,73.40033604670316,0.02728682290762663,57392,0.6164186000823975
curved_ridge,2,8,2,0,0.15000000596046448,0.20000000298023224,0.20000000298023224,1.0,1.0020560026168823,0.0020560026168823242,7.2933632135391235e-06,0.3646681606769562,0.733586328125,73.46409956878051,0.027821769006550312,57392,1.9186986684799194
curved_ridge,2,8,2,1,0.25,0.75,0.800000011920929,1.0,1.002204179763794,0.0022041797637939453,6.25890851020813e-06,0.3129454255104065,0.7624484375,73.46409956878051,0.027406875044107437,57392,0.7130968570709229
curved_ridge,2,8,2,2,0.5,0.5,0.5,1.0,0.9982045292854309,0.0017954707145690918,7.4589359760284424e-06,0.3729467988014221,0.72765265625,73.46409956878051,0.02748744608834386,57392,1.2389250993728638
curved_ridge,2,8,2,3,0.75,0.25,0.699999988079071,1.0,0.9966048002243042,0.0033951997756958008,1.4203797578811646e-05,0.7101898789405823,0.5830826953125,73.46409956878051,0.02746689599007368,57392,2.612255334854126
curved_ridge,2,8,2,4,0.8500000238418579,0.800000011920929,0.30000001192092896,1.0,1.0035626888275146,0.0035626888275146484,5.791499614715576e-06,0.2895749807357788,0.77668890625,73.46409956878051,0.027326884213835,57392,0.7592564821243286
curved_ridge,2,16,0,0,0.15000000596046448,0.20000000298023224,0.20000000298023224,1.0,0.9967538118362427,0.0032461881637573242,5.123729705810547e-06,0.25618648529052734,0.795005703125,73.454310326837,0.027959240600466728,63584,1.3735562562942505
curved_ridge,2,16,0,1,0.25,0.75,0.800000011920929,1.0,0.9999865889549255,1.341104507446289e-05,5.195750594139099e-06,0.25978752970695496,0.793783515625,73.454310326837,0.027541727293282747,63584,0.6136282086372375
curved_ridge,2,16,0,2,0.5,0.5,0.5,1.0,0.9995934963226318,0.00040650367736816406,5.424851179122925e-06,0.27124255895614624,0.78649875,73.454310326837,0.027545246295630932,63584,0.9673401713371277
curved_ridge,2,16,0,3,0.75,0.25,0.699999988079071,1.0,1.0040239095687866,0.004023909568786621,1.0853815078735352e-05,0.5426907539367676,0.650051875,73.454310326837,0.027428944129496813,63584,2.2000436782836914
curved_ridge,2,16,0,4,0.8500000238418579,0.800000011920929,0.30000001192092896,1.0,0.9997979402542114,0.00020205974578857422,5.0929731130599974e-06,0.2546486556529999,0.79697359375,73.454310326837,0.02745493594557047,63584,0.6607307195663452
curved_ridge,2,16,1,0,0.15000000596046448,0.20000000298023224,0.20000000298023224,1.0,0.9997037053108215,0.0002962946891784668,4.823829233646393e-06,0.24119146168231964,0.8055878125,73.43956814613193,0.027982001192867756,63584,1.3664216995239258
curved_ridge,2,16,1,1,0.25,0.75,0.800000011920929,1.0,1.0020217895507812,0.00202178955078125,5.014292597770691e-06,0.25071462988853455,0.800192734375,73.43956814613193,0.027566167060285807,63584,0.5646389722824097
curved_ridge,2,16,1,2,0.5,0.5,0.5,1.0,1.0003913640975952,0.00039136409759521484,5.450257062911987e-06,0.27251285314559937,0.785981796875,73.43956814613193,0.027509205974638462,63584,0.9501073360443115
curved_ridge,2,16,1,3,0.75,0.25,0.699999988079071,1.0,1.0012445449829102,0.0012445449829101562,1.0070588588714599e-05,0.50352942943573,0.665660078125,73.43956814613193,0.02739378483965993,63584,2.1985790729522705
curved_ridge,2,16,1,4,0.8500000238418579,0.800000011920929,0.30000001192092896,1.0,1.0004303455352783,0.0004303455352783203,4.529739916324616e-06,0.22648699581623077,0.815469296875,73.43956814613193,0.027368193957954645,63584,0.6437844634056091
curved_ridge,2,16,2,0,0.15000000596046448,0.20000000298023224,0.20000000298023224,1.0,1.0016871690750122,0.001687169075012207,6.190961599349975e-06,0.3095480799674988,0.76423390625,73.35312036471441,0.027885401155799627,63584,1.6471738815307617
curved_ridge,2,16,2,1,0.25,0.75,0.800000011920929,1.0,1.0011051893234253,0.001105189323425293,5.14497697353363e-06,0.2572488486766815,0.795750078125,73.35312036471441,0.02760733710601926,63584,0.6226148009300232
curved_ridge,2,16,2,2,0.5,0.5,0.5,1.0,0.9964082837104797,0.0035917162895202637,6.1472195386886595e-06,0.307360976934433,0.763606640625,73.35312036471441,0.027595906984061003,63584,1.0391236543655396
curved_ridge,2,16,2,3,0.75,0.25,0.699999988079071,1.0,0.9914410710334778,0.008558928966522217,1.2562007904052734e-05,0.6281003952026367,0.6101358984375,73.35312036471441,0.027481645345687866,63584,2.3788838386535645
curved_ridge,2,16,2,4,0.8500000238418579,0.800000011920929,0.30000001192092896,1.0,1.0020110607147217,0.0020110607147216797,5.954996347427368e-06,0.2977498173713684,0.771277734375,73.35312036471441,0.027498516254127026,63584,0.6736499667167664
curved_ridge,2,32,0,0,0.15000000596046448,0.20000000298023224,0.20000000298023224,1.0,0.9979379177093506,0.002062082290649414,5.275230407714844e-06,0.2637615203857422,0.790609140625,73.36240661982447,0.02830252517014742,75968,1.383386492729187
curved_ridge,2,32,0,1,0.25,0.75,0.800000011920929,1.0,0.999596118927002,0.0004038810729980469,6.940949559211731e-06,0.34704747796058655,0.742213671875,73.36240661982447,0.027783928904682398,75968,0.7190439105033875
curved_ridge,2,32,0,2,0.5,0.5,0.5,1.0,0.9995232820510864,0.0004767179489135742,6.559151411056519e-06,0.3279575705528259,0.75286234375,73.36240661982447,0.027680417988449335,75968,1.136096715927124
curved_ridge,2,32,0,3,0.75,0.25,0.699999988079071,1.0,1.002291202545166,0.0022912025451660156,1.1780647039413452e-05,0.5890323519706726,0.6303856640625,73.36240661982447,0.027709487825632095,75968,2.2934963703155518
curved_ridge,2,32,0,4,0.8500000238418579,0.800000011920929,0.30000001192092896,1.0,0.9998175501823425,0.0001824498176574707,5.498526096343994e-06,0.2749263048171997,0.784300703125,73.36240661982447,0.027662148233503103,75968,0.7293730974197388
curved_ridge,2,32,1,0,0.15000000596046448,0.20000000298023224,0.20000000298023224,1.0,1.0007632970809937,0.0007632970809936523,4.954599142074585e-06,0.24772995710372925,0.801701484375,73.28058263286948,0.028270265087485313,75968,1.3489917516708374
curved_ridge,2,32,1,1,0.25,0.75,0.800000011920929,1.0,1.0036065578460693,0.003606557846069336,7.102223038673401e-06,0.35511115193367004,0.739340703125,73.28058263286948,0.02787969121709466,75968,0.5717122554779053
curved_ridge,2,32,1,2,0.5,0.5,0.5,1.0,1.0000895261764526,8.952617645263672e-05,5.806265473365784e-06,0.2903132736682892,0.7750403125,73.28058263286948,0.027771458961069584,75968,1.0292359590530396
curved_ridge,2,32,1,3,0.75,0.25,0.699999988079071,1.0,1.0013982057571411,0.0013982057571411133,1.1067755222320556e-05,0.5533877611160278,0.6443994140625,73.28058263286948,0.027752759400755167,75968,2.379298448562622
curved_ridge,2,32,1,4,0.8500000238418579,0.800000011920929,0.30000001192092896,1.0,1.0005078315734863,0.0005078315734863281,5.478084087371826e-06,0.2739042043685913,0.785163046875,73.28058263286948,0.02770117809996009,75968,0.7819753885269165
curved_ridge,2,32,2,0,0.15000000596046448,0.20000000298023224,0.20000000298023224,1.0,1.0036709308624268,0.003670930862426758,6.016272902488709e-06,0.3008136451244354,0.770053359375,73.31844067480415,0.028221174143254757,75968,1.5543208122253418
curved_ridge,2,32,2,1,0.25,0.75,0.800000011920929,1.0,1.0007058382034302,0.0007058382034301758,7.311385869979858e-06,0.3655692934989929,0.732575859375,73.31844067480415,0.027735278010368347,75968,0.7479991316795349
curved_ridge,2,32,2,2,0.5,0.5,0.5,1.0,0.9980517029762268,0.0019482970237731934,6.054323315620423e-06,0.3027161657810211,0.766933984375,73.31844067480415,0.027818110305815935,75968,0.9767109155654907
curved_ridge,2,32,2,3,0.75,0.25,0.699999988079071,1.0,0.9942404627799988,0.005759537220001221,1.1072461605072022e-05,0.5536230802536011,0.6410073046875,73.31844067480415,0.02773994905874133,75968,2.390655994415283
curved_ridge,2,32,2,4,0.8500000238418579,0.800000011920929,0.30000001192092896,1.0,1.0004632472991943,0.00046324729919433594,5.045524835586548e-06,0.2522762417793274,0.798698125,73.31844067480415,0.027698577847331762,75968,0.6749699115753174
curved_ridge,2,64,0,0,0.15000000596046448,0.20000000298023224,0.20000000298023224,1.0,0.9986733198165894,0.0013266801834106445,6.702520847320557e-06,0.33512604236602783,0.7484971875,73.33285719202831,0.028918973170220852,100736,1.8718169927597046
curved_ridge,2,64,0,1,0.25,0.75,0.800000011920929,1.0,1.001168131828308,0.0011681318283081055,9.119113683700561e-06,0.4559556841850281,0.6873403125,73.33285719202831,0.028482917230576277,100736,0.8748325705528259
curved_ridge,2,64,0,2,0.5,0.5,0.5,1.0,1.0015980005264282,0.0015980005264282227,7.303866147994995e-06,0.36519330739974976,0.73312625,73.33285719202831,0.028224734123796225,100736,1.2492949962615967
curved_ridge,2,64,0,3,0.75,0.25,0.699999988079071,1.0,1.0034080743789673,0.003408074378967285,1.3974628448486329e-05,0.6987314224243164,0.5903260546875,73.33285719202831,0.028323845006525517,100736,2.5308544635772705
curved_ridge,2,64,0,4,0.8500000238418579,0.800000011920929,0.30000001192092896,1.0,1.0015698671340942,0.0015698671340942383,6.355636119842529e-06,0.31778180599212646,0.75942828125,73.33285719202831,0.028217353858053684,100736,0.8404120802879333
curved_ridge,2,64,1,0,0.15000000596046448,0.20000000298023224,0.20000000298023224,1.0,0.9998079538345337,0.0001920461654663086,6.216081976890564e-06,0.3108040988445282,0.7628246875,73.37839186284691,0.028777279891073704,100736,1.7646868228912354
curved_ridge,2,64,1,1,0.25,0.75,0.800000011920929,1.0,1.0044604539871216,0.004460453987121582,7.842267751693725e-06,0.3921133875846863,0.720133671875,73.37839186284691,0.02841138606891036,100736,0.7632681131362915
curved_ridge,2,64,1,2,0.5,0.5,0.5,1.0,0.9982324838638306,0.0017675161361694336,7.642178535461426e-06,0.3821089267730713,0.72282765625,73.37839186284691,0.028311714995652437,100736,1.3329973220825195
curved_ridge,2,64,1,3,0.75,0.25,0.699999988079071,1.0,1.0001392364501953,0.0001392364501953125,1.334919810295105e-05,0.6674599051475525,0.599786171875,73.37839186284691,0.02829465502873063,100736,2.719958782196045
curved_ridge,2,64,1,4,0.8500000238418579,0.800000011920929,0.30000001192092896,1.0,1.0012301206588745,0.0012301206588745117,5.849488973617554e-06,0.2924744486808777,0.774143359375,73.37839186284691,0.028258833568543196,100736,0.862737238407135
curved_ridge,2,64,2,0,0.15000000596046448,0.20000000298023224,0.20000000298023224,1.0,1.005018949508667,0.005018949508666992,6.0844004154205324e-06,0.3042200207710266,0.768531484375,73.34679526323453,0.02872192906215787,100736,1.7660953998565674
curved_ridge,2,64,2,1,0.25,0.75,0.800000011920929,1.0,0.9996095895767212,0.0003904104232788086,6.550998687744141e-06,0.32754993438720703,0.753125859375,73.34679526323453,0.02834029495716095,100736,0.6986166834831238
curved_ridge,2,64,2,2,0.5,0.5,0.5,1.0,0.9989438652992249,0.0010561347007751465,6.4894527196884154e-06,0.3244726359844208,0.75463015625,73.34679526323453,0.02835487574338913,100736,1.1313594579696655
curved_ridge,2,64,2,3,0.75,0.25,0.699999988079071,1.0,0.993776798248291,0.006223201751708984,1.2918554544448853e-05,0.6459277272224426,0.604583984375,73.34679526323453,0.028462375979870558,100736,2.5561203956604004
curved_ridge,2,64,2,4,0.8500000238418579,0.800000011920929,0.30000001192092896,1.0,1.0007297992706299,0.0007297992706298828,6.1675381660461425e-06,0.30837690830230713,0.764572109375,73.34679526323453,0.028413645923137665,100736,0.9134784936904907
curved_ridge,4,8,0,0,0.15000000596046448,0.20000000298023224,0.20000000298023224,1.0,0.9983064532279968,0.0016935467720031738,1.5180948972702027e-05,0.7590474486351013,0.5676626171875,161.9770965538919,0.06468068202957511,134384,
curved_ridge,4,8,0,1,0.25,0.75,0.800000011920929,1.0,0.9914378523826599,0.008562147617340088,1.804993271827698e-05,0.9024966359138489,0.521340078125,161.9770965538919,0.06393893295899034,134384,
curved_ridge,4,8,0,2,0.5,0.5,0.5,1.0,1.0032655000686646,0.0032655000686645508,4.0174932479858396e-05,2.00874662399292,0.333817109375,161.9770965538919,0.0638105608522892,134384,
curved_ridge,4,8,0,3,0.75,0.25,0.699999988079071,1.0,1.0150498151779175,0.01504981517791748,8.375360488891601e-05,4.187680244445801,0.1974590625,161.9770965538919,0.06373837077990174,134384,
curved_ridge,4,8,0,4,0.8500000238418579,0.800000011920929,0.30000001192092896,1.0,0.996403157711029,0.0035968422889709473,2.6007750034332277e-05,1.3003875017166138,0.4329441796875,161.9770965538919,0.06385965319350362,134384,
curved_ridge,4,8,1,0,0.15000000596046448,0.20000000298023224,0.20000000298023224,1.0,1.0019243955612183,0.0019243955612182617,1.7588874101638793e-05,0.8794437050819397,0.5330345703125,161.99372841464356,0.06486790394410491,134384,
curved_ridge,4,8,1,1,0.25,0.75,0.800000011920929,1.0,1.0000293254852295,2.9325485229492188e-05,2.2608709335327148e-05,1.1304354667663574,0.4694071484375,161.99372841464356,0.06399021437391639,134384,
curved_ridge,4,8,1,2,0.5,0.5,0.5,1.0,1.0133264064788818,0.013326406478881836,5.557559967041015e-05,2.778779983520508,0.2698241015625,161.99372841464356,0.0640292540192604,134384,
curved_ridge,4,8,1,3,0.75,0.25,0.699999988079071,1.0,0.9856387376785278,0.014361262321472168,5.405214309692383e-05,2.7026071548461914,0.26441861328125,161.99372841464356,0.0640054838731885,134384,
curved_ridge,4,8,1,4,0.8500000238418579,0.800000011920929,0.30000001192092896,1.0,0.9989176392555237,0.0010823607444763184,3.299492835998535e-05,1.6497464179992676,0.3768905078125,161.99372841464356,0.06379615096375346,134384,
curved_ridge,4,8,2,0,0.15000000596046448,0.20000000298023224,0.20000000298023224,1.0,0.9991711378097534,0.000828862190246582,1.5310168266296388e-05,0.7655084133148193,0.56600671875,162.00126937311143,0.0646300707012415,134384,
curved_ridge,4,8,2,1,0.25,0.75,0.800000011920929,1.0,0.997482419013977,0.0025175809860229492,1.7566043138504027e-05,0.8783021569252014,0.5311454296875,162.00126937311143,0.06424257671460509,134384,
curved_ridge,4,8,2,2,0.5,0.5,0.5,1.0,1.0007038116455078,0.0007038116455078125,1.995361566543579e-05,0.9976807832717896,0.5009372265625,162.00126937311143,0.06429729703813791,134384,
curved_ridge,4,8,2,3,0.75,0.25,0.699999988079071,1.0,0.9970844984054565,0.002915501594543457,9.077142715454102e-05,4.538571357727051,0.1796925390625,162.00126937311143,0.06389496196061373,134384,
curved_ridge,4,8,2,4,0.8500000238418579,0.800000011920929,0.30000001192092896,1.0,0.9942275285720825,0.0057724714279174805,2.9780049324035646e-05,1.4890024662017822,0.3989925,162.00126937311143,0.06406951509416103,134384,
curved_ridge,4,16,0,0,0.15000000596046448,0.20000000298023224,0.20000000298023224,1.0,0.9930618405342102,0.006938159465789795,1.4607071876525879e-05,0.730353593826294,0.574521171875,162.10981165710837,0.06504583591595292,148832,
curved_ridge,4,16,0,1,0.25,0.75,0.800000011920929,1.0,0.9910986423492432,0.008901357650756836,1.945692181587219e-05,0.9728460907936096,0.5024167578125,162.10981165710837,0.0644449288956821,148832,
curved_ridge,4,16,0,2,0.5,0.5,0.5,1.0,1.0018926858901978,0.001892685890197754,2.606196641921997e-05,1.3030983209609985,0.435131953125,162.10981165710837,0.06447620876133442,148832,
curved_ridge,4,16,0,3,0.75,0.25,0.699999988079071,1.0,1.0069022178649902,0.006902217864990234,6.300637722015381e-05,3.1503188610076904,0.24347400390625,162.10981165710837,0.06438839761540294,148832,
curved_ridge,4,16,0,4,0.8500000238418579,0.800000011920929,0.30000001192092896,1.0,0.9970356225967407,0.0029643774032592773,2.0346362590789795e-05,1.0173181295394897,0.4942284375,162.10981165710837,0.06427477719262242,148832,
curved_ridge,4,16,1,0,0.15000000596046448,0.20000000298023224,0.20000000298023224,1.0,0.998028039932251,0.0019719600677490234,1.2382415533065796e-05,0.6191207766532898,0.6166910546875,162.1999931000173,0.06533524906262755,148832,
curved_ridge,4,16,1,1,0.25,0.75,0.800000011920929,1.0,0.9998421669006348,0.00015783309936523438,2.2346401214599608e-05,1.1173200607299805,0.472221484375,162.1999931000173,0.06464351108297706,148832,
curved_ridge,4,16,1,2,0.5,0.5,0.5,1.0,1.0071617364883423,0.007161736488342285,3.329047918319702e-05,1.664523959159851,0.378658359375,162.1999931000173,0.06443368876352906,148832,
curved_ridge,4,16,1,3,0.75,0.25,0.699999988079071,1.0,0.990081787109375,0.009918212890625,8.534119606018066e-05,4.267059803009033,0.18681494140625,162.1999931000173,0.06457008980214596,148832,
curved_ridge,4,16,1,4,0.8500000238418579,0.800000011920929,0.30000001192092896,1.0,0.9924367666244507,0.007563233375549316,2.3491878509521483e-05,1.1745939254760742,0.4560918359375,162.1999931000173,0.06461525103077292,148832,
curved_ridge,4,16,2,0,0.15000000596046448,0.20000000298023224,0.20000000298023224,1.0,0.9973945021629333,0.0026054978370666504,1.4572031497955322e-05,0.7286015748977661,0.5772343359375,161.00796832190827,0.06423354893922806,148832,
curved_ridge,4,16,2,1,0.25,0.75,0.800000011920929,1.0,1.001719355583191,0.001719355583190918,2.1315863132476806e-05,1.0657931566238403,0.484938671875,161.00796832190827,0.06398391630500555,148832,
curved_ridge,4,16,2,2,0.5,0.5,0.5,1.0,0.9981140494346619,0.0018859505653381348,2.143136978149414e-05,1.071568489074707,0.4817883203125,161.00796832190827,0.06370432255789638,148832,
curved_ridge,4,16,2,3,0.75,0.25,0.699999988079071,1.0,0.9849825501441956,0.015017449855804443,5.7541112899780274e-05,2.8770556449890137,0.25218171875,161.00796832190827,0.06390129495412111,148832,
curved_ridge,4,16,2,4,0.8500000238418579,0.800000011920929,0.30000001192092896,1.0,0.9960578083992004,0.0039421916007995605,2.0499210357666017e-05,1.0249605178833008,0.4918671875,161.00796832190827,0.06399526679888368,148832,
curved_ridge,4,32,0,0,0.15000000596046448,0.20000000298023224,0.20000000298023224,1.0,0.9951980710029602,0.004801928997039795,1.2345035076141357e-05,0.6172517538070679,0.6160631640625,157.61752298474312,0.06533557223156095,177728,
curved_ridge,4,32,0,1,0.25,0.75,0.800000011920929,1.0,0.9900246858596802,0.009975314140319824,1.8033993244171143e-05,0.9016996622085571,0.52084859375,157.61752298474312,0.0647665848955512,177728,
curved_ridge,4,32,0,2,0.5,0.5,0.5,1.0,0.9993064403533936,0.0006935596466064453,2.911283016204834e-05,1.455641508102417,0.4068955078125,157.61752298474312,0.06478683510795236,177728,
curved_ridge,4,32,0,3,0.75,0.25,0.699999988079071,1.0,1.009232997894287,0.00923299789428711,8.518258094787597e-05,4.259129047393799,0.19299533203125,157.61752298474312,0.06493094703182578,177728,
curved_ridge,4,32,0,4,0.8500000238418579,0.800000011920929,0.30000001192092896,1.0,0.9947330951690674,0.005266904830932617,1.752885580062866e-05,0.8764427900314331,0.5302983984375,157.61752298474312,0.06508078798651695,177728,
curved_ridge,4,32,1,0,0.15000000596046448,0.20000000298023224,0.20000000298023224,1.0,1.0028647184371948,0.0028647184371948242,1.4519116878509522e-05,0.7259558439254761,0.5807876171875,157.66538293333724,0.06511396868154407,177728,
curved_ridge,4,32,1,1,0.25,0.75,0.800000011920929,1.0,0.9956246018409729,0.0043753981590271,2.060948371887207e-05,1.0304741859436035,0.4903089453125,157.66538293333724,0.06471722386777401,177728,
curved_ridge,4,32,1,2,0.5,0.5,0.5,1.0,0.9994587302207947,0.0005412697792053223,2.6303153038024902e-05,1.3151576519012451,0.4316752734375,157.66538293333724,0.06458581238985062,177728,
curved_ridge,4,32,1,3,0.75,0.25,0.699999988079071,1.0,0.9981518387794495,0.0018481612205505371,7.663512229919433e-05,3.831756114959717,0.20636080078125,157.66538293333724,0.06458584312349558,177728,
curved_ridge,4,32,1,4,0.8500000238418579,0.800000011920929,0.30000001192092896,1.0,0.9943941831588745,0.005605816841125488,2.695002555847168e-05,1.347501277923584,0.423242890625,157.66538293333724,0.06455812323838472,177728,
curved_ridge,4,32,2,0,0.15000000596046448,0.20000000298023224,0.20000000298023224,1.0,0.9984685778617859,0.0015314221382141113,1.3810319900512696e-05,0.6905159950256348,0.5907994140625,158.65917199105024,0.06592673808336258,177728,
curved_ridge,4,32,2,1,0.25,0.75,0.800000011920929,1.0,1.0004291534423828,0.0004291534423828125,2.188471794128418e-05,1.094235897064209,0.477720234375,158.65917199105024,0.06539171282202005,177728,
curved_ridge,4,32,2,2,0.5,0.5,0.5,1.0,0.9978923797607422,0.0021076202392578125,2.228022575378418e-05,1.114011287689209,0.47198765625,158.65917199105024,0.06546702329069376,177728,
curved_ridge,4,32,2,3,0.75,0.25,0.699999988079071,1.0,0.9903501272201538,0.009649872779846191,6.340177536010742e-05,3.170088768005371,0.23628916015625,158.65917199105024,0.06549666309729218,177728,
curved_ridge,4,32,2,4,0.8500000238418579,0.800000011920929,0.30000001192092896,1.0,1.0004899501800537,0.0004899501800537109,2.361039638519287e-05,1.1805198192596436,0.45885453125,158.65917199105024,0.06526861106976867,177728,
curved_ridge,4,64,0,0,0.15000000596046448,0.20000000298023224,0.20000000298023224,1.0,0.9944685697555542,0.005531430244445801,1.4469627141952515e-05,0.7234813570976257,0.5775215625,162.73070887615904,0.06690336903557181,235520,
curved_ridge,4,64,0,1,0.25,0.75,0.800000011920929,1.0,0.9896298050880432,0.010370194911956787,1.833630323410034e-05,0.9168151617050171,0.5164992578125,162.73070887615904,0.06644165422767401,235520,
curved_ridge,4,64,0,2,0.5,0.5,0.5,1.0,0.9927996397018433,0.007200360298156738,2.233762741088867e-05,1.1168813705444336,0.4687973046875,162.73070887615904,0.0665285550057888,235520,
curved_ridge,4,64,0,3,0.75,0.25,0.699999988079071,1.0,1.0103933811187744,0.010393381118774414,0.00014236720085144042,7.1183600425720215,0.12543076171875,162.73070887615904,0.06615321012213826,235520,
curved_ridge,4,64,0,4,0.8500000238418579,0.800000011920929,0.30000001192092896,1.0,0.9968041777610779,0.003195822238922119,2.3173580169677735e-05,1.1586790084838867,0.46165984375,162.73070887615904,0.06613929104059935,235520,
curved_ridge,4,64,1,0,0.15000000596046448,0.20000000298023224,0.20000000298023224,1.0,1.0010534524917603,0.001053452491760254,1.5557093620300294e-05,0.7778546810150146,0.5629987109375,162.29841629229486,0.0668419492430985,235520,
curved_ridge,4,64,1,1,0.25,0.75,0.800000011920929,1.0,1.0031839609146118,0.0031839609146118164,2.614734411239624e-05,1.307367205619812,0.4349612109375,162.29841629229486,0.0663158418610692,235520,
curved_ridge,4,64,1,2,0.5,0.5,0.5,1.0,0.9995307326316833,0.0004692673683166504,2.586815595626831e-05,1.2934077978134155,0.435806484375,162.29841629229486,0.06618062127381563,235520,
curved_ridge,4,64,1,3,0.75,0.25,0.699999988079071,1.0,0.9961808919906616,0.003819108009338379,8.369810104370117e-05,4.184905052185059,0.19168216796875,162.29841629229486,0.06619071122258902,235520,
curved_ridge,4,64,1,4,0.8500000238418579,0.800000011920929,0.30000001192092896,1.0,0.9943385720252991,0.005661427974700928,2.295213222503662e-05,1.147606611251831,0.4628153515625,162.29841629229486,0.06609196960926056,235520,
curved_ridge,4,64,2,0,0.15000000596046448,0.20000000298023224,0.20000000298023224,1.0,0.9980387091636658,0.0019612908363342285,1.6124030351638795e-05,0.8062015175819397,0.5526825390625,161.77824106020853,0.06692225998267531,235520,
curved_ridge,4,64,2,1,0.25,0.75,0.800000011920929,1.0,1.0031794309616089,0.0031794309616088867,3.594606161117554e-05,1.7973030805587769,0.358951328125,161.77824106020853,0.06640348397195339,235520,
curved_ridge,4,64,2,2,0.5,0.5,0.5,1.0,0.9979944825172424,0.0020055174827575684,3.143886566162109e-05,1.5719432830810547,0.387862109375,161.77824106020853,0.06631335197016597,235520,
curved_ridge,4,64,2,3,0.75,0.25,0.699999988079071,1.0,0.9804537892341614,0.019546210765838623,7.048408031463623e-05,3.5242040157318115,0.21431416015625,161.77824106020853,0.06608988996595144,235520,
curved_ridge,4,64,2,4,0.8500000238418579,0.800000011920929,0.30000001192092896,1.0,0.9961792826652527,0.0038207173347473145,2.6600010395050048e-05,1.3300005197525024,0.427314765625,161.77824106020853,0.06648700498044491,235520,
curved_ridge,8,8,0,0,0.15000000596046448,0.20000000298023224,0.20000000298023224,1.0,0.9911949634552002,0.008805036544799805,3.477398633956909e-05,1.7386993169784546,0.3610510546875,338.7176178568043,0.13784319581463933,289904,
curved_ridge,8,8,0,1,0.25,0.75,0.800000011920929,1.0,0.9946543574333191,0.005345642566680908,0.00018533283233642577,9.266641616821289,0.096466181640625,338.7176178568043,0.13691075379028916,289904,
curved_ridge,8,8,0,2,0.5,0.5,0.5,1.0,0.9758980870246887,0.02410191297531128,6.114693641662598e-05,3.057346820831299,0.2375205078125,338.7176178568043,0.13762507308274508,289904,
curved_ridge,8,8,0,3,0.75,0.25,0.699999988079071,1.0,0.9732456207275391,0.026754379272460938,0.0011028771209716797,55.143856048583984,0.016887283935546876,338.7176178568043,0.13661414105445147,289904,
curved_ridge,8,8,0,4,0.8500000238418579,0.800000011920929,0.30000001192092896,1.0,0.9868844151496887,0.01311558485031128,0.00032312694549560544,16.156347274780273,0.0568559814453125,338.7176178568043,0.13669081311672926,289904,
curved_ridge,8,8,1,0,0.15000000596046448,0.20000000298023224,0.20000000298023224,1.0,1.0053659677505493,0.005365967750549316,3.9814436435699465e-05,1.9907218217849731,0.33675828125,338.4305853843689,0.1370378457941115,289904,
curved_ridge,8,8,1,1,0.25,0.75,0.800000011920929,1.0,1.0260365009307861,0.026036500930786133,0.0005827930068969726,29.139650344848633,0.03486875,338.4305853843689,0.13641167897731066,289904,
curved_ridge,8,8,1,2,0.5,0.5,0.5,1.0,0.9722369909286499,0.027763009071350098,5.838888168334961e-05,2.9194440841674805,0.244588671875,338.4305853843689,0.1375103909522295,289904,
curved_ridge,8,8,1,3,0.75,0.25,0.699999988079071,1.0,1.0124353170394897,0.012435317039489746,0.0027269732666015626,136.34866333007812,0.007461731567382813,338.4305853843689,0.1359992939978838,289904,
curved_ridge,8,8,1,4,0.8500000238418579,0.800000011920929,0.30000001192092896,1.0,0.9903632402420044,0.009636759757995605,0.0001977071189880371,9.885355949401855,0.0902651953125,338.4305853843689,0.1360248839482665,289904,
curved_ridge,8,8,2,0,0.15000000596046448,0.20000000298023224,0.20000000298023224,1.0,1.0007696151733398,0.0007696151733398438,3.16695237159729e-05,1.583476185798645,0.3874452734375,338.50201783468947,0.1374219199642539,289904,
curved_ridge,8,8,2,1,0.25,0.75,0.800000011920929,1.0,1.01113760471344,0.011137604713439941,0.0014326573181152344,71.63286590576172,0.01407219970703125,338.50201783468947,0.13678007293492556,289904,
curved_ridge,8,8,2,2,0.5,0.5,0.5,1.0,0.9939528107643127,0.006047189235687256,0.00012495920181274415,6.247960090637207,0.136535712890625,338.50201783468947,0.13716222811490297,289904,
curved_ridge,8,8,2,3,0.75,0.25,0.699999988079071,1.0,0.9754866361618042,0.0245133638381958,0.00032031158447265624,16.015579223632812,0.056084375,338.50201783468947,0.1360307950526476,289904,
curved_ridge,8,8,2,4,0.8500000238418579,0.800000011920929,0.30000001192092896,1.0,0.9800052642822266,0.019994735717773438,0.00010916504859924316,5.458252429962158,0.14963033203125,338.50201783468947,0.13627625675871968,289904,
curved_ridge,8,16,0,0,0.15000000596046448,0.20000000298023224,0.20000000298023224,1.0,1.0000468492507935,4.684925079345703e-05,3.718679904937744e-05,1.859339952468872,0.3497569921875,331.3880648529157,0.13787929061800241,320864,
curved_ridge,8,16,0,1,0.25,0.75,0.800000011920929,1.0,0.9886684417724609,0.011331558227539062,0.00010863301277160645,5.431650638580322,0.152514296875,331.3880648529157,0.13751773675903678,320864,
curved_ridge,8,16,0,2,0.5,0.5,0.5,1.0,0.9839907288551331,0.016009271144866943,9.045063018798828e-05,4.522531509399414,0.176342109375,331.3880648529157,0.13850694801658392,320864,
curved_ridge,8,16,0,3,0.75,0.25,0.699999988079071,1.0,0.9307224750518799,0.06927752494812012,0.0002836724472045898,14.183622360229492,0.057559365234375,331.3880648529157,0.13749783718958497,320864,
curved_ridge,8,16,0,4,0.8500000238418579,0.800000011920929,0.30000001192092896,1.0,0.9816485643386841,0.018351435661315918,0.0001185945987701416,5.92972993850708,0.13979396484375,331.3880648529157,0.1373529559932649,320864,
curved_ridge,8,16,1,0,0.15000000596046448,0.20000000298023224,0.20000000298023224,1.0,1.0049234628677368,0.004923462867736816,3.232483625411987e-05,1.6162418127059937,0.38455453125,330.19360194401816,0.13811828382313251,320864,
curved_ridge,8,16,1,1,0.25,0.75,0.800000011920929,1.0,1.0025299787521362,0.0025299787521362305,0.0001978168296813965,9.890841484069824,0.092244248046875,330.19360194401816,0.1371545330621302,320864,
curved_ridge,8,16,1,2,0.5,0.5,0.5,1.0,0.9868063926696777,0.013193607330322266,8.031725883483887e-05,4.015862941741943,0.19516451171875,330.19360194401816,0.13890701299533248,320864,
curved_ridge,8,16,1,3,0.75,0.25,0.699999988079071,1.0,1.196877360343933,0.1968773603439331,0.0529883056640625,2649.415283203125,0.0005404097747802734,330.19360194401816,0.13769985968247056,320864,
curved_ridge,8,16,1,4,0.8500000238418579,0.800000011920929,0.30000001192092896,1.0,1.017769455909729,0.017769455909729004,0.0010261488342285156,51.30744171142578,0.01979002197265625,330.19360194401816,0.13779125967994332,320864,
curved_ridge,8,16,2,0,0.15000000596046448,0.20000000298023224,0.20000000298023224,1.0,1.00014328956604,0.00014328956604003906,2.7167959213256837e-05,1.3583979606628418,0.4240915234375,330.500582173001,0.13778653601184487,320864,
curved_ridge,8,16,2,1,0.25,0.75,0.800000011920929,1.0,0.9997938871383667,0.00020611286163330078,0.00012863917350769042,6.4319586753845215,0.134508349609375,330.500582173001,0.1375318830832839,320864,
curved_ridge,8,16,2,2,0.5,0.5,0.5,1.0,1.0010545253753662,0.001054525375366211,0.00012713404655456543,6.3567023277282715,0.136180625,330.500582173001,0.1382763609290123,320864,
curved_ridge,8,16,2,3,0.75,0.25,0.699999988079071,1.0,1.0547429323196411,0.05474293231964111,0.0034190399169921875,170.95199584960938,0.00646562744140625,330.500582173001,0.13741211174055934,320864,
curved_ridge,8,16,2,4,0.8500000238418579,0.800000011920929,0.30000001192092896,1.0,0.9875251054763794,0.012474894523620605,0.0001541484546661377,7.707422733306885,0.11231888671875,330.500582173001,0.1372685800306499,320864,
curved_ridge,8,32,0,0,0.15000000596046448,0.20000000298023224,0.20000000298023224,1.0,0.9931463003158569,0.006853699684143066,2.479992628097534e-05,1.239996314048767,0.44303765625,333.8612866671756,0.14063006918877363,382784,
curved_ridge,8,32,0,1,0.25,0.75,0.800000011920929,1.0,0.9887309074401855,0.011269092559814453,0.000153359432220459,7.667971611022949,0.11307611328125,333.8612866671756,0.14021813357248902,382784,
curved_ridge,8,32,0,2,0.5,0.5,0.5,1.0,0.9846166968345642,0.015383303165435791,6.265167236328126e-05,3.1325836181640625,0.23634134765625,333.8612866671756,0.14078222075477242,382784,
curved_ridge,8,32,0,3,0.75,0.25,0.699999988079071,1.0,1.0660240650177002,0.0660240650177002,0.01239642822265625,619.8214111328125,0.001830124053955078,333.8612866671756,0.13976409938186407,382784,
curved_ridge,8,32,0,4,0.8500000238418579,0.800000011920929,0.30000001192092896,1.0,0.9820474982261658,0.01795250177383423,6.578737258911132e-05,3.2893686294555664,0.22672326171875,333.8612866671756,0.1398768899962306,382784,
curved_ridge,8,32,1,0,0.15000000596046448,0.20000000298023224,0.20000000298023224,1.0,1.0127331018447876,0.012733101844787598,3.174211025238037e-05,1.5871055126190186,0.3925546484375,339.0200504171662,0.14116268465295434,382784,
curved_ridge,8,32,1,1,0.25,0.75,0.800000011920929,1.0,1.0038453340530396,0.0038453340530395508,0.00013944725036621093,6.972362518310547,0.126280009765625,339.0200504171662,0.14057798776775599,382784,
curved_ridge,8,32,1,2,0.5,0.5,0.5,1.0,0.97660893201828,0.02339106798171997,6.0646071434021e-05,3.03230357170105,0.23927830078125,339.0200504171662,0.1408211006782949,382784,
curved_ridge,8,32,1,3,0.75,0.25,0.699999988079071,1.0,0.9833289384841919,0.016671061515808105,0.0009933721923828126,49.668609619140625,0.019096361083984374,339.0200504171662,0.14062158903107047,382784,
curved_ridge,8,32,1,4,0.8500000238418579,0.800000011920929,0.30000001192092896,1.0,1.0023040771484375,0.0023040771484375,0.0003761098861694336,18.80549430847168,0.0507131298828125,339.0200504171662,0.1399151897057891,382784,
curved_ridge,8,32,2,0,0.15000000596046448,0.20000000298023224,0.20000000298023224,1.0,1.006600022315979,0.006600022315979004,2.7571103572845457e-05,1.378555178642273,0.42363734375,339.091439365875,0.14103478379547596,382784,
curved_ridge,8,32,2,1,0.25,0.75,0.800000011920929,1.0,0.9886490106582642,0.01135098934173584,0.00015355112075805664,7.677556037902832,0.11293427734375,339.091439365875,0.14001131197437644,382784,
curved_ridge,8,32,2,2,0.5,0.5,0.5,1.0,0.9949027895927429,0.00509721040725708,0.00014811942100524902,7.405971050262451,0.117898095703125,339.091439365875,0.1402544742450118,382784,
curved_ridge,8,32,2,3,0.75,0.25,0.699999988079071,1.0,1.004513144493103,0.004513144493103027,0.0009922406768798828,49.61203384399414,0.019933720703125,339.091439365875,0.14054582826793194,382784,
curved_ridge,8,32,2,4,0.8500000238418579,0.800000011920929,0.30000001192092896,1.0,0.996484637260437,0.0035153627395629883,0.00010371036529541015,5.185518264770508,0.16071833984375,339.091439365875,0.14021566370502114,382784,
curved_ridge,8,64,0,0,0.15000000596046448,0.20000000298023224,0.20000000298023224,1.0,0.9922236204147339,0.007776379585266113,3.0952231884002686e-05,1.5476115942001343,0.3888125390625,339.9046662109904,0.14348239079117775,506624,
curved_ridge,8,64,0,1,0.25,0.75,0.800000011920929,1.0,1.0009881258010864,0.0009881258010864258,0.000338314208984375,16.91571044921875,0.0559221923828125,339.9046662109904,0.14275052305310965,506624,
curved_ridge,8,64,0,2,0.5,0.5,0.5,1.0,0.9840529561042786,0.015947043895721436,0.00010400570869445801,5.2002854347229,0.156983671875,339.9046662109904,0.14428904093801975,506624,
curved_ridge,8,64,0,3,0.75,0.25,0.699999988079071,1.0,0.9282091856002808,0.07179081439971924,0.00038195899963378905,19.097949981689453,0.043166796875,339.9046662109904,0.14265506202355027,506624,
curved_ridge,8,64,0,4,0.8500000238418579,0.800000011920929,0.30000001192092896,1.0,0.9877724647521973,0.012227535247802734,0.00011462401390075684,5.731200695037842,0.145478837890625,339.9046662109904,0.14238397916778922,506624,
curved_ridge,8,64,1,0,0.15000000596046448,0.20000000298023224,0.20000000298023224,1.0,1.003861427307129,0.0038614273071289062,3.455849409103393e-05,1.7279247045516968,0.3683753125,339.7377157770097,0.1436432828195393,506624,
curved_ridge,8,64,1,1,0.25,0.75,0.800000011920929,1.0,0.9932534694671631,0.006746530532836914,0.00024875938415527344,12.437969207763672,0.0734902197265625,339.7377157770097,0.14281697431579232,506624,
curved_ridge,8,64,1,2,0.5,0.5,0.5,1.0,0.9789367914199829,0.02106320858001709,8.641605377197265e-05,4.320802688598633,0.1815326953125,339.7377157770097,0.1438939361833036,506624,
curved_ridge,8,64,1,3,0.75,0.25,0.699999988079071,1.0,0.9874937534332275,0.012506246566772461,0.0009169487762451172,45.84743881225586,0.0208267724609375,339.7377157770097,0.1425542808137834,506624,
curved_ridge,8,64,1,4,0.8500000238418579,0.800000011920929,0.30000001192092896,1.0,1.022033929824829,0.0220339298248291,0.0010000479125976563,50.00239562988281,0.02046300048828125,339.7377157770097,0.14255860121920705,506624,
curved_ridge,8,64,2,0,0.15000000596046448,0.20000000298023224,0.20000000298023224,1.0,1.004226803779602,0.004226803779602051,3.251568078994751e-05,1.6257840394973755,0.38283453125,339.85752259287983,0.1439824472181499,506624,
curved_ridge,8,64,2,1,0.25,0.75,0.800000011920929,1.0,0.982282817363739,0.017717182636260986,0.00017633825302124022,8.816912651062012,0.098642158203125,339.85752259287983,0.14368118438869715,506624,
curved_ridge,8,64,2,2,0.5,0.5,0.5,1.0,0.9993463754653931,0.0006536245346069336,0.00012133728981018066,6.066864490509033,0.14134916015625,339.85752259287983,0.14387374557554722,506624,
curved_ridge,8,64,2,3,0.75,0.25,0.699999988079071,1.0,0.9553519487380981,0.044648051261901855,0.00039236557006835937,19.61827850341797,0.0444555029296875,339.85752259287983,0.14393252693116665,506624,
curved_ridge,8,64,2,4,0.8500000238418579,0.800000011920929,0.30000001192092896,1.0,1.0047423839569092,0.00474238395690918,0.0003418052291870117,17.090261459350586,0.0557756591796875,339.85752259287983,0.14319579768925905,506624,
xshape,2,8,0,0,0.15000000596046448,0.20000000298023224,0.20000000298023224,1.0,1.0020536184310913,0.0020536184310913086,4.65203046798706e-06,0.23260152339935303,0.81192265625,73.25865169381723,0.027934861835092306,57392,0.7224286794662476
xshape,2,8,0,1,0.25,0.75,0.800000011920929,1.0,1.000906229019165,0.0009062290191650391,2.039361149072647e-06,0.10196805745363235,0.90762109375,73.25865169381723,0.027373315300792456,57392,0.1735677272081375
xshape,2,8,0,2,0.5,0.5,0.5,1.0,0.9985880255699158,0.0014119744300842285,2.718040943145752e-06,0.1359020471572876,0.880061796875,73.25865169381723,0.027318444103002548,57392,0.26957154273986816
xshape,2,8,0,3,0.75,0.25,0.699999988079071,1.0,0.9986307621002197,0.0013692378997802734,5.051498413085937e-06,0.2525749206542969,0.797917265625,73.25865169381723,0.02728654397651553,57392,0.7179279923439026
xshape,2,8,0,4,0.8500000238418579,0.800000011920929,0.30000001192092896,1.0,1.0007673501968384,0.0007673501968383789,1.805950254201889e-06,0.09029751271009445,0.917298828125,73.25865169381723,0.02732507511973381,57392,0.16117672622203827
xshape,2,8,1,0,0.15000000596046448,0.20000000298023224,0.20000000298023224,1.0,0.9977331161499023,0.0022668838500976562,4.659503996372223e-06,0.23297519981861115,0.8103528125,73.25714126694947,0.027924572117626667,57392,0.7477455735206604
xshape,2,8,1,1,0.25,0.75,0.800000011920929,1.0,0.9974247217178345,0.0025752782821655273,1.8482832610607148e-06,0.09241416305303574,0.915005078125,73.25714126694947,0.027485636062920094,57392,0.17234273254871368
xshape,2,8,1,2,0.5,0.5,0.5,1.0,0.9996804594993591,0.00031954050064086914,2.69334614276886e-06,0.134667307138443,0.881250859375,73.25714126694947,0.027477366384118795,57392,0.25887253880500793
xshape,2,8,1,3,0.75,0.25,0.699999988079071,1.0,0.9987962245941162,0.001203775405883789,5.3535830974578855e-06,0.2676791548728943,0.78844484375,73.25714126694947,0.02746474603191018,57392,0.7712371349334717
xshape,2,8,1,4,0.8500000238418579,0.800000011920929,0.30000001192092896,1.0,0.9992983937263489,0.000701606273651123,1.6612586379051208e-06,0.08306293189525604,0.923209453125,73.25714126694947,0.027504755649715662,57392,0.1363474428653717
xshape,2,8,2,0,0.15000000596046448,0.20000000298023224,0.20000000298023224,1.0,0.9979311227798462,0.0020688772201538086,5.335435271263123e-06,0.26677176356315613,0.788722109375,73.32759665697813,0.027929462026804686,57392,0.8451887965202332
xshape,2,8,2,1,0.25,0.75,0.800000011920929,1.0,0.9985285401344299,0.0014714598655700684,2.076694071292877e-06,0.10383470356464386,0.905683203125,73.32759665697813,0.027602587826550007,57392,0.18829499185085297
xshape,2,8,2,2,0.5,0.5,0.5,1.0,1.0002859830856323,0.0002859830856323242,2.355480641126633e-06,0.11777403205633163,0.8946909375,73.32759665697813,0.027473995927721262,57392,0.2330249696969986
xshape,2,8,2,3,0.75,0.25,0.699999988079071,1.0,0.9985877871513367,0.00141221284866333,4.903203547000885e-06,0.24516017735004425,0.80266546875,73.32759665697813,0.027491296641528606,57392,0.7220353484153748
xshape,2,8,2,4,0.8500000238418579,0.800000011920929,0.30000001192092896,1.0,0.9981851577758789,0.0018148422241210938,1.7277288436889649e-06,0.08638644218444824,0.92021796875,73.32759665697813,0.02740775467827916,57392,0.15319740772247314
xshape,2,16,0,0,0.15000000596046448,0.20000000298023224,0.20000000298023224,1.0,1.0010836124420166,0.0010836124420166016,3.836308419704438e-06,0.19181542098522186,0.83935109375,73.33182071195915,0.02805386297404766,63584,0.602319061756134
xshape,2,16,0,1,0.25,0.75,0.800000011920929,1.0,1.000157117843628,0.0001571178436279297,9.833112359046936e-07,0.04916556179523468,0.95315328125,73.33182071195915,0.027547305915504694,63584,0.08361820876598358
xshape,2,16,0,2,0.5,0.5,0.5,1.0,1.002333164215088,0.0023331642150878906,1.6979090869426727e-06,0.08489545434713364,0.922084765625,73.33182071195915,0.02747711632400751,63584,0.1518706977367401
xshape,2,16,0,3,0.75,0.25,0.699999988079071,1.0,0.9979013800621033,0.0020986199378967285,4.115371406078339e-06,0.20576857030391693,0.828753984375,73.33182071195915,0.027491405606269836,63584,0.6018433570861816
xshape,2,16,0,4,0.8500000238418579,0.800000011920929,0.30000001192092896,1.0,1.000444769859314,0.00044476985931396484,9.889212250709534e-07,0.04944606125354767,0.952924296875,73.33182071195915,0.02753629582002759,63584,0.09165473282337189
xshape,2,16,1,0,0.15000000596046448,0.20000000298023224,0.20000000298023224,1.0,0.9984585642814636,0.001541435718536377,3.673369586467743e-06,0.18366847932338715,0.844428984375,73.3794015282765,0.028126533143222332,63584,0.5964529514312744
xshape,2,16,1,1,0.25,0.75,0.800000011920929,1.0,0.9978770017623901,0.0021229982376098633,1.2316972017288207e-06,0.06158486008644104,0.94175625,73.3794015282765,0.027551515959203243,63584,0.09985409677028656
xshape,2,16,1,2,0.5,0.5,0.5,1.0,0.9996148347854614,0.0003851652145385742,1.7193908989429474e-06,0.08596954494714737,0.92078140625,73.3794015282765,0.0275522256270051,63584,0.16987013816833496
xshape,2,16,1,3,0.75,0.25,0.699999988079071,1.0,0.9998770356178284,0.00012296438217163086,4.061418771743775e-06,0.20307093858718872,0.83117453125,73.3794015282765,0.027503295801579952,63584,0.5775901675224304
xshape,2,16,1,4,0.8500000238418579,0.800000011920929,0.30000001192092896,1.0,1.0001651048660278,0.00016510486602783203,9.623342752456665e-07,0.048116713762283325,0.954107578125,73.3794015282765,0.027502536308020353,63584,0.08731833845376968
xshape,2,16,2,0,0.15000000596046448,0.20000000298023224,0.20000000298023224,1.0,0.9990254640579224,0.0009745359420776367,3.902900218963623e-06,0.19514501094818115,0.836454609375,73.31846759701148,0.028135604225099087,63584,0.6030736565589905
xshape,2,16,2,1,0.25,0.75,0.800000011920929,1.0,0.9992603659629822,0.0007396340370178223,1.3404062390327454e-06,0.06702031195163727,0.93710328125,73.31846759701148,0.027609596960246563,63584,0.10289745777845383
xshape,2,16,2,2,0.5,0.5,0.5,1.0,1.0003349781036377,0.0003349781036376953,1.6359353065490722e-06,0.08179676532745361,0.924436328125,73.31846759701148,0.027550806757062674,63584,0.16189993917942047
xshape,2,16,2,3,0.75,0.25,0.699999988079071,1.0,1.0009374618530273,0.0009374618530273438,4.0236452221870425e-06,0.2011822611093521,0.832777109375,73.31846759701148,0.027548806741833687,63584,0.5738248229026794
xshape,2,16,2,4,0.8500000238418579,0.800000011920929,0.30000001192092896,1.0,0.9987993240356445,0.0012006759643554688,1.1521966010332107e-06,0.05760983005166054,0.945405390625,73.31846759701148,0.027567166835069656,63584,0.11008155345916748
xshape,2,32,0,0,0.15000000596046448,0.20000000298023224,0.20000000298023224,1.0,1.0013788938522339,0.0013788938522338867,4.302214086055756e-06,0.21511070430278778,0.823374296875,73.3696048357524,0.02851174771785736,75968,0.6992624402046204
xshape,2,32,0,1,0.25,0.75,0.800000011920929,1.0,1.0002614259719849,0.0002614259719848633,1.4287759363651275e-06,0.07143879681825638,0.93335796875,73.3696048357524,0.028030432295054197,75968,0.13429969549179077
xshape,2,32,0,2,0.5,0.5,0.5,1.0,1.001809000968933,0.0018090009689331055,1.7683753371238708e-06,0.08841876685619354,0.919035,73.3696048357524,0.0279473508708179,75968,0.1556713581085205
xshape,2,32,0,3,0.75,0.25,0.699999988079071,1.0,0.9970964789390564,0.0029035210609436035,3.898302614688873e-06,0.19491513073444366,0.836086796875,73.3696048357524,0.027985771652311087,75968,0.5932403802871704
xshape,2,32,0,4,0.8500000238418579,0.800000011920929,0.30000001192092896,1.0,1.0003445148468018,0.0003445148468017578,1.0814370214939118e-06,0.05407185107469559,0.948736328125,73.3696048357524,0.027928380761295557,75968,0.10364947468042374
xshape,2,32,1,0,0.15000000596046448,0.20000000298023224,0.20000000298023224,1.0,1.0005093812942505,0.0005093812942504883,3.4698662161827087e-06,0.17349331080913544,0.852287265625,73.36374263791367,0.028354155831038952,75968,0.5990515351295471
xshape,2,32,1,1,0.25,0.75,0.800000011920929,1.0,0.9994329214096069,0.0005670785903930664,1.3144221901893615e-06,0.06572110950946808,0.9382671875,73.36374263791367,0.027859290596097708,75968,0.1291484534740448
xshape,2,32,1,2,0.5,0.5,0.5,1.0,1.0002869367599487,0.00028693675994873047,1.4101769030094146e-06,0.07050884515047073,0.93417171875,73.36374263791367,0.027846040204167366,75968,0.1346433013677597
xshape,2,32,1,3,0.75,0.25,0.699999988079071,1.0,0.999985933303833,1.4066696166992188e-05,3.7884917855262755e-06,0.18942458927631378,0.840741484375,73.36374263791367,0.027870540041476488,75968,0.5459198355674744
xshape,2,32,1,4,0.8500000238418579,0.800000011920929,0.30000001192092896,1.0,0.999735414981842,0.000264585018157959,8.537727594375611e-07,0.04268863797187805,0.959039140625,73.36374263791367,0.027876731008291245,75968,0.08779112249612808
xshape,2,32,2,0,0.15000000596046448,0.20000000298023224,0.20000000298023224,1.0,0.9985962510108948,0.0014037489891052246,4.0410318970680234e-06,0.20205159485340118,0.83152046875,73.32646642019972,0.02841928694397211,75968,0.6473480463027954
xshape,2,32,2,1,0.25,0.75,0.800000011920929,1.0,0.9987702369689941,0.0012297630310058594,1.381639689207077e-06,0.06908198446035385,0.935234375,73.32646642019972,0.027978651225566864,75968,0.1325671225786209
xshape,2,32,2,2,0.5,0.5,0.5,1.0,0.9998897314071655,0.00011026859283447266,1.7407828569412232e-06,0.08703914284706116,0.919915390625,73.32646642019972,0.02791350008919835,75968,0.1604374200105667
xshape,2,32,2,3,0.75,0.25,0.699999988079071,1.0,0.9992569088935852,0.0007430911064147949,4.176140129566192e-06,0.20880700647830963,0.8270521875,73.32646642019972,0.027918580919504166,75968,0.5952086448669434
xshape,2,32,2,4,0.8500000238418579,0.800000011920929,0.30000001192092896,1.0,0.9993871450424194,0.0006128549575805664,1.181589812040329e-06,0.05907949060201645,0.94415265625,73.32646642019972,0.027952420990914106,75968,0.11883518099784851
xshape,2,64,0,0,0.15000000596046448,0.20000000298023224,0.20000000298023224,1.0,1.0010684728622437,0.0010684728622436523,4.453098475933075e-06,0.22265492379665375,0.818213125,73.58121095923707,0.029096045065671206,100736,0.7158329486846924
xshape,2,64,0,1,0.25,0.75,0.800000011920929,1.0,1.0003899335861206,0.00038993358612060547,1.8506775796413422e-06,0.09253387898206711,0.915365390625,73.58121095923707,0.028615649323910475,100736,0.17661038041114807
xshape,2,64,0,2,0.5,0.5,0.5,1.0,1.0027453899383545,0.002745389938354492,1.7991863191127777e-06,0.08995931595563889,0.91788109375,73.58121095923707,0.02851407788693905,100736,0.15582583844661713
xshape,2,64,0,3,0.75,0.25,0.699999988079071,1.0,0.998060941696167,0.0019390583038330078,4.707991778850555e-06,0.23539958894252777,0.808858203125,73.58121095923707,0.0285111078992486,100736,0.6577978730201721
xshape,2,64,0,4,0.8500000238418579,0.800000011920929,0.30000001192092896,1.0,1.0003654956817627,0.0003654956817626953,1.2964658439159394e-06,0.06482329219579697,0.93916578125,73.58121095923707,0.028543317690491676,100736,0.12688113749027252
xshape,2,64,1,0,0.15000000596046448,0.20000000298023224,0.20000000298023224,1.0,0.9988993406295776,0.0011006593704223633,3.5930585861206055e-06,0.17965292930603027,0.847424921875,73.55361112114042,0.029125434812158346,100736,0.6088688969612122
xshape,2,64,1,1,0.25,0.75,0.800000011920929,1.0,0.999540388584137,0.0004596114158630371,1.4841903746128082e-06,0.07420951873064041,0.9308590625,73.55361112114042,0.028617399279028177,100736,0.13736599683761597
xshape,2,64,1,2,0.5,0.5,0.5,1.0,1.0004640817642212,0.0004640817642211914,1.4719651639461517e-06,0.07359825819730759,0.931507734375,73.55361112114042,0.028548847883939743,100736,0.12716291844844818
xshape,2,64,1,3,0.75,0.25,0.699999988079071,1.0,0.998700737953186,0.0012992620468139648,4.179812371730804e-06,0.20899061858654022,0.82676703125,73.55361112114042,0.028589158784598112,100736,0.5680236220359802
xshape,2,64,1,4,0.8500000238418579,0.800000011920929,0.30000001192092896,1.0,1.0004674196243286,0.0004674196243286133,1.1987941712141037e-06,0.059939708560705185,0.94350078125,73.55361112114042,0.028586617670953274,100736,0.11767362803220749
xshape,2,64,2,0,0.15000000596046448,0.20000000298023224,0.20000000298023224,1.0,0.9987854361534119,0.0012145638465881348,4.354870319366455e-06,0.21774351596832275,0.820836796875,73.54244351340458,0.029025113210082054,100736,0.7484579086303711
xshape,2,64,2,1,0.25,0.75,0.800000011920929,1.0,0.9994885921478271,0.0005114078521728516,1.9311316311359404e-06,0.09655658155679703,0.911865,73.54244351340458,0.028579318895936012,100736,0.19113393127918243
xshape,2,64,2,2,0.5,0.5,0.5,1.0,1.0007859468460083,0.0007859468460083008,1.7190806567668915e-06,0.08595403283834457,0.92096515625,73.54244351340458,0.02860619919374585,100736,0.16638825833797455
xshape,2,64,2,3,0.75,0.25,0.699999988079071,1.0,1.0006376504898071,0.0006376504898071289,4.654277861118317e-06,0.23271389305591583,0.811416484375,73.54244351340458,0.028591888025403023,100736,0.675551176071167
xshape,2,64,2,4,0.8500000238418579,0.800000011920929,0.30000001192092896,1.0,0.9993342161178589,0.0006657838821411133,1.300644427537918e-06,0.0650322213768959,0.938863515625,73.54244351340458,0.028507957700639963,100736,0.1279318779706955
xshape,4,8,0,0,0.15000000596046448,0.20000000298023224,0.20000000298023224,1.0,0.9924233555793762,0.007576644420623779,1.729162573814392e-05,0.864581286907196,0.5325337109375,162.3213238227181,0.06475840462371707,134384,
xshape,4,8,0,1,0.25,0.75,0.800000011920929,1.0,0.9996445775032043,0.0003554224967956543,9.690881371498107e-06,0.4845440685749054,0.673455546875,162.3213238227181,0.06423285929486156,134384,
xshape,4,8,0,2,0.5,0.5,0.5,1.0,1.0019769668579102,0.0019769668579101562,1.489163875579834e-05,0.744581937789917,0.574174140625,162.3213238227181,0.0640307068824768,134384,
xshape,4,8,0,3,0.75,0.25,0.699999988079071,1.0,0.9874892830848694,0.012510716915130615,3.7060837745666506e-05,1.8530418872833252,0.34479734375,162.3213238227181,0.06404819618910551,134384,
xshape,4,8,0,4,0.8500000238418579,0.800000011920929,0.30000001192092896,1.0,0.9944363236427307,0.005563676357269287,7.727442979812622e-06,0.3863721489906311,0.719062421875,162.3213238227181,0.06402006605640054,134384,
xshape,4,8,1,0,0.15000000596046448,0.20000000298023224,0.20000000298023224,1.0,0.9964101314544678,0.0035898685455322266,1.942628026008606e-05,0.971314013004303,0.5054830078125,161.4153759740293,0.0649764477275312,134384,
xshape,4,8,1,1,0.25,0.75,0.800000011920929,1.0,0.994460940361023,0.005539059638977051,8.014976978302002e-06,0.4007488489151001,0.711633671875,161.4153759740293,0.06438812101259828,134384,
xshape,4,8,1,2,0.5,0.5,0.5,1.0,1.002328634262085,0.002328634262084961,1.2743853330612182e-05,0.6371926665306091,0.61191171875,161.4153759740293,0.06444837106391788,134384,
xshape,4,8,1,3,0.75,0.25,0.699999988079071,1.0,0.9993802905082703,0.0006197094917297363,2.8212463855743407e-05,1.4106231927871704,0.4145344140625,161.4153759740293,0.06449394207447767,134384,
xshape,4,8,1,4,0.8500000238418579,0.800000011920929,0.30000001192092896,1.0,0.9935855865478516,0.0064144134521484375,7.371973395347595e-06,0.36859866976737976,0.728138125,161.4153759740293,0.06447340175509453,134384,
xshape,4,8,2,0,0.15000000596046448,0.20000000298023224,0.20000000298023224,1.0,0.9980660676956177,0.0019339323043823242,2.361008882522583e-05,1.1805044412612915,0.4576533984375,159.00512386206537,0.06445998977869749,134384,
xshape,4,8,2,1,0.25,0.75,0.800000011920929,1.0,0.9998567700386047,0.00014322996139526367,8.303062319755554e-06,0.4151531159877777,0.70658203125,159.00512386206537,0.06394890369847417,134384,
xshape,4,8,2,2,0.5,0.5,0.5,1.0,1.000071406364441,7.140636444091797e-05,1.083938717842102e-05,0.541969358921051,0.648558359375,159.00512386206537,0.06393110519275069,134384,
xshape,4,8,2,3,0.75,0.25,0.699999988079071,1.0,0.996539831161499,0.0034601688385009766,2.8523736000061035e-05,1.4261868000030518,0.410495703125,159.00512386206537,0.06402053497731686,134384,
xshape,4,8,2,4,0.8500000238418579,0.800000011920929,0.30000001192092896,1.0,1.0001327991485596,0.0001327991485595703,7.321172952651978e-06,0.3660586476325989,0.732088984375,159.00512386206537,0.0639639338478446,134384,
xshape,4,16,0,0,0.15000000596046448,0.20000000298023224,0.20000000298023224,1.0,0.9960659146308899,0.003934085369110107,1.5479742288589477e-05,0.7739871144294739,0.561766953125,157.60298239113763,0.06462199194356799,148832,
xshape,4,16,0,1,0.25,0.75,0.800000011920929,1.0,0.9957646131515503,0.004235386848449707,6.210862994194031e-06,0.31054314970970154,0.761507734375,157.60298239113763,0.06416224595159292,148832,
xshape,4,16,0,2,0.5,0.5,0.5,1.0,1.004145860671997,0.00414586067199707,1.2345526218414307e-05,0.6172763109207153,0.6202791796875,157.60298239113763,0.06439017876982689,148832,
xshape,4,16,0,3,0.75,0.25,0.699999988079071,1.0,0.9962112903594971,0.0037887096405029297,3.787331581115723e-05,1.8936657905578613,0.34387203125,157.60298239113763,0.06457818066701293,148832,
xshape,4,16,0,4,0.8500000238418579,0.800000011920929,0.30000001192092896,1.0,0.9972125291824341,0.002787470817565918,5.104385018348694e-06,0.2552192509174347,0.795771015625,157.60298239113763,0.06464507291093469,148832,
xshape,4,16,1,0,0.15000000596046448,0.20000000298023224,0.20000000298023224,1.0,0.9913181066513062,0.008681893348693848,1.3406479358673095e-05,0.6703239679336548,0.59449390625,157.5234427000396,0.0648023528046906,148832,
xshape,4,16,1,1,0.25,0.75,0.800000011920929,1.0,0.9982543587684631,0.0017456412315368652,6.280158162117004e-06,0.3140079081058502,0.76039796875,157.5234427000396,0.06428220821544528,148832,
xshape,4,16,1,2,0.5,0.5,0.5,1.0,0.9994463324546814,0.0005536675453186035,7.924841046333313e-06,0.39624205231666565,0.715987109375,157.5234427000396,0.06396399391815066,148832,
xshape,4,16,1,3,0.75,0.25,0.699999988079071,1.0,0.9987434148788452,0.0012565851211547852,2.598036527633667e-05,1.2990182638168335,0.4343552734375,157.5234427000396,0.0638318220153451,148832,
xshape,4,16,1,4,0.8500000238418579,0.800000011920929,0.30000001192092896,1.0,0.9966698884963989,0.0033301115036010742,4.9892857670784e-06,0.24946428835391998,0.799278125,157.5234427000396,0.06395167391747236,148832,
xshape,4,16,2,0,0.15000000596046448,0.20000000298023224,0.20000000298023224,1.0,1.000113606452942,0.00011360645294189453,1.5741934776306152e-05,0.7870967388153076,0.55962765625,157.6645990810357,0.06478696409612894,148832,
xshape,4,16,2,1,0.25,0.75,0.800000011920929,1.0,1.0001221895217896,0.00012218952178955078,5.950738787651062e-06,0.2975369393825531,0.77073765625,157.6645990810357,0.0643306178972125,148832,
xshape,4,16,2,2,0.5,0.5,0.5,1.0,1.0026360750198364,0.0026360750198364258,7.947844862937928e-06,0.39739224314689636,0.716693046875,157.6645990810357,0.06465561222285032,148832,
xshape,4,16,2,3,0.75,0.25,0.699999988079071,1.0,0.994483470916748,0.005516529083251953,2.096381902694702e-05,1.048190951347351,0.48547671875,157.6645990810357,0.0643903287127614,148832,
xshape,4,16,2,4,0.8500000238418579,0.800000011920929,0.30000001192092896,1.0,1.0005797147750854,0.0005797147750854492,4.925017952919006e-06,0.24625089764595032,0.8025934375,157.6645990810357,0.06448666006326675,148832,
xshape,4,32,0,0,0.15000000596046448,0.20000000298023224,0.20000000298023224,1.0,0.9954777956008911,0.004522204399108887,1.2590582370758056e-05,0.6295291185379028,0.611527734375,157.7858659522608,0.06559583265334368,177728,
xshape,4,32,0,1,0.25,0.75,0.800000011920929,1.0,0.9977432489395142,0.00225675106048584,6.1596226692199705e-06,0.30798113346099854,0.763726328125,157.7858659522608,0.06517503783106804,177728,
xshape,4,32,0,2,0.5,0.5,0.5,1.0,1.0118314027786255,0.011831402778625488,7.548198699951172e-05,3.774099349975586,0.21338888671875,157.7858659522608,0.06520978873595595,177728,
xshape,4,32,0,3,0.75,0.25,0.699999988079071,1.0,0.9911554455757141,0.008844554424285889,2.7042841911315918e-05,1.352142095565796,0.420812734375,157.7858659522608,0.06503796577453613,177728,
xshape,4,32,0,4,0.8500000238418579,0.800000011920929,0.30000001192092896,1.0,0.9999979138374329,2.086162567138672e-06,5.3503352403640744e-06,0.26751676201820374,0.788946796875,157.7858659522608,0.0651622680015862,177728,
xshape,4,32,1,0,0.15000000596046448,0.20000000298023224,0.20000000298023224,1.0,0.9957553744316101,0.004244625568389893,1.2145355939865113e-05,0.6072677969932556,0.6201766796875,157.81920858332887,0.06563503528013825,177728,
xshape,4,32,1,1,0.25,0.75,0.800000011920929,1.0,0.9987805485725403,0.0012194514274597168,6.283748149871826e-06,0.3141874074935913,0.760485859375,157.81920858332887,0.06505089858546853,177728,
xshape,4,32,1,2,0.5,0.5,0.5,1.0,0.9990571737289429,0.0009428262710571289,8.090060949325562e-06,0.4045030474662781,0.711612734375,157.81920858332887,0.06497653713449836,177728,
xshape,4,32,1,3,0.75,0.25,0.699999988079071,1.0,0.9979454278945923,0.002054572105407715,2.5435566902160645e-05,1.2717783451080322,0.4391753515625,157.81920858332887,0.06506464770063758,177728,
xshape,4,32,1,4,0.8500000238418579,0.800000011920929,0.30000001192092896,1.0,0.9961022138595581,0.0038977861404418945,4.304746389389038e-06,0.2152373194694519,0.821746171875,157.81920858332887,0.0650724177248776,177728,
xshape,4,32,2,0,0.15000000596046448,0.20000000298023224,0.20000000298023224,1.0,1.0003355741500854,0.0003355741500854492,1.8329894542694093e-05,0.9164947271347046,0.5219583203125,157.91378893889487,0.06572609394788742,177728,
xshape,4,32,2,1,0.25,0.75,0.800000011920929,1.0,1.0034466981887817,0.0034466981887817383,1.0400229692459106e-05,0.5200114846229553,0.659441484375,157.91378893889487,0.06512198690325022,177728,
xshape,4,32,2,2,0.5,0.5,0.5,1.0,1.0012704133987427,0.0012704133987426758,8.285822868347167e-06,0.4142911434173584,0.707597734375,157.91378893889487,0.06533996015787125,177728,
xshape,4,32,2,3,0.75,0.25,0.699999988079071,1.0,0.9936090111732483,0.006390988826751709,1.7224446535110472e-05,0.8612223267555237,0.5340969140625,157.91378893889487,0.06508131697773933,177728,
xshape,4,32,2,4,0.8500000238418579,0.800000011920929,0.30000001192092896,1.0,0.9981115460395813,0.0018884539604187012,5.072603225708007e-06,0.2536301612854004,0.79707578125,157.91378893889487,0.06511525716632605,177728,
xshape,4,64,0,0,0.15000000596046448,0.20000000298023224,0.20000000298023224,1.0,0.9973180890083313,0.002681910991668701,1.5238977670669556e-05,0.7619488835334778,0.56623953125,158.21560884686187,0.06676583597436547,235520,
xshape,4,64,0,1,0.25,0.75,0.800000011920929,1.0,0.9974789023399353,0.0025210976600646973,7.920690178871156e-06,0.39603450894355774,0.71529171875,158.21560884686187,0.0664513329975307,235520,
xshape,4,64,0,2,0.5,0.5,0.5,1.0,1.0052709579467773,0.005270957946777344,1.5644294023513793e-05,0.7822147011756897,0.5636920703125,158.21560884686187,0.06647661188617349,235520,
xshape,4,64,0,3,0.75,0.25,0.699999988079071,1.0,0.9986651539802551,0.001334846019744873,8.503973007202148e-05,4.251986503601074,0.18999576171875,158.21560884686187,0.06657105404883623,235520,
xshape,4,64,0,4,0.8500000238418579,0.800000011920929,0.30000001192092896,1.0,0.9992958307266235,0.0007041692733764648,6.880418658256531e-06,0.34402093291282654,0.743771484375,158.21560884686187,0.06638003094121814,235520,
xshape,4,64,1,0,0.15000000596046448,0.20000000298023224,0.20000000298023224,1.0,0.9982162117958069,0.0017837882041931152,1.6103836297988893e-05,0.8051918148994446,0.553080234375,160.0031507886015,0.06735271262004972,235520,
xshape,4,64,1,1,0.25,0.75,0.800000011920929,1.0,0.9948830008506775,0.00511699914932251,6.732089519500732e-06,0.3366044759750366,0.74623015625,160.0031507886015,0.06676981691271067,235520,
xshape,4,64,1,2,0.5,0.5,0.5,1.0,0.9982926249504089,0.0017073750495910645,1.0151655673980713e-05,0.5075827836990356,0.662554296875,160.0031507886015,0.06670528557151556,235520,
xshape,4,64,1,3,0.75,0.25,0.699999988079071,1.0,0.991957426071167,0.008042573928833008,2.1390085220336915e-05,1.0695042610168457,0.4791806640625,160.0031507886015,0.06662406492978334,235520,
xshape,4,64,1,4,0.8500000238418579,0.800000011920929,0.30000001192092896,1.0,0.9930912256240845,0.006908774375915527,6.908998489379883e-06,0.34544992446899414,0.740594765625,160.0031507886015,0.06669836491346359,235520,
xshape,4,64,2,0,0.15000000596046448,0.20000000298023224,0.20000000298023224,1.0,0.9980819821357727,0.001918017864227295,1.64263916015625e-05,0.821319580078125,0.548106640625,163.3075964297168,0.067755077034235,235520,
xshape,4,64,2,1,0.25,0.75,0.800000011920929,1.0,1.0002933740615845,0.00029337406158447266,1.0071847438812257e-05,0.5035923719406128,0.665208984375,163.3075964297168,0.06686999695375562,235520,
xshape,4,64,2,2,0.5,0.5,0.5,1.0,1.0003057718276978,0.0003057718276977539,7.227656245231629e-06,0.3613828122615814,0.734670390625,163.3075964297168,0.06702217878773808,235520,
xshape,4,64,2,3,0.75,0.25,0.699999988079071,1.0,0.9969540238380432,0.003045976161956787,2.0442564487457274e-05,1.0221282243728638,0.4930084375,163.3075964297168,0.06689341785386205,235520,
xshape,4,64,2,4,0.8500000238418579,0.800000011920929,0.30000001192092896,1.0,1.0013136863708496,0.0013136863708496094,6.041879057884216e-06,0.3020939528942108,0.76846484375,163.3075964297168,0.06705737905576825,235520,
xshape,8,8,0,0,0.15000000596046448,0.20000000298023224,0.20000000298023224,1.0,0.9832808971405029,0.01671910285949707,5.1277780532836915e-05,2.5638890266418457,0.273840078125,341.3034436032176,0.13916171714663506,289904,
xshape,8,8,0,1,0.25,0.75,0.800000011920929,1.0,0.9936074614524841,0.006392538547515869,2.568387746810913e-05,1.2841938734054565,0.4346418359375,341.3034436032176,0.13844186859205365,289904,
xshape,8,8,0,2,0.5,0.5,0.5,1.0,0.9895963668823242,0.010403633117675781,3.670680046081543e-05,1.8353400230407715,0.3479355859375,341.3034436032176,0.13867129106074572,289904,
xshape,8,8,0,3,0.75,0.25,0.699999988079071,1.0,0.9890052676200867,0.01099473237991333,0.00010758575439453125,5.3792877197265625,0.153859296875,341.3034436032176,0.1399955963715911,289904,
xshape,8,8,0,4,0.8500000238418579,0.800000011920929,0.30000001192092896,1.0,0.9904749989509583,0.009525001049041748,4.3777971267700196e-05,2.1888985633850098,0.3094867578125,341.3034436032176,0.1381893460638821,289904,
xshape,8,8,1,0,0.15000000596046448,0.20000000298023224,0.20000000298023224,1.0,1.0044794082641602,0.004479408264160156,8.749749183654785e-05,4.374874591827393,0.1874113671875,341.4515090379864,0.1398482141084969,289904,
xshape,8,8,1,1,0.25,0.75,0.800000011920929,1.0,1.0084247589111328,0.008424758911132812,0.00014317736625671387,7.158868312835693,0.124384169921875,341.4515090379864,0.13932565925642848,289904,
xshape,8,8,1,2,0.5,0.5,0.5,1.0,0.9945588707923889,0.005441129207611084,5.612834930419922e-05,2.806417465209961,0.26060998046875,341.4515090379864,0.13926597777754068,289904,
xshape,8,8,1,3,0.75,0.25,0.699999988079071,1.0,0.9992767572402954,0.0007232427597045898,0.00015060251235961915,7.530125617980957,0.117083984375,341.4515090379864,0.1391705758869648,289904,
xshape,8,8,1,4,0.8500000238418579,0.800000011920929,0.30000001192092896,1.0,0.9980294108390808,0.0019705891609191895,3.9288251399993895e-05,1.9644125699996948,0.3364581640625,341.4515090379864,0.13829906610772014,289904,
xshape,8,8,2,0,0.15000000596046448,0.20000000298023224,0.20000000298023224,1.0,1.0027352571487427,0.0027352571487426758,0.00014117393493652344,7.058696746826172,0.124686728515625,341.82931123673916,0.13908535474911332,289904,
xshape,8,8,2,1,0.25,0.75,0.800000011920929,1.0,0.9960424900054932,0.003957509994506836,3.936534881591797e-05,1.9682674407958984,0.3351319140625,341.82931123673916,0.13849345920607448,289904,
xshape,8,8,2,2,0.5,0.5,0.5,1.0,0.9824644923210144,0.017535507678985596,3.091302394866944e-05,1.5456511974334717,0.38442515625,341.82931123673916,0.13842349825426936,289904,
xshape,8,8,2,3,0.75,0.25,0.699999988079071,1.0,0.999695897102356,0.00030410289764404297,0.00018644966125488282,9.32248306274414,0.096824453125,341.82931123673916,0.13831380708143115,289904,
xshape,8,8,2,4,0.8500000238418579,0.800000011920929,0.30000001192092896,1.0,0.9882928133010864,0.011707186698913574,2.9349112510681154e-05,1.4674556255340576,0.3996166796875,341.82931123673916,0.13799878302961588,289904,
xshape,8,16,0,0,0.15000000596046448,0.20000000298023224,0.20000000298023224,1.0,0.981591522693634,0.018408477306365967,4.3152122497558595e-05,2.1576061248779297,0.30871376953125,341.4533596369438,0.14064457593485713,320864,
xshape,8,16,0,1,0.25,0.75,0.800000011920929,1.0,0.9957325458526611,0.004267454147338867,2.3327109813690187e-05,1.1663554906845093,0.4594848046875,341.4533596369438,0.14003901975229383,320864,
xshape,8,16,0,2,0.5,0.5,0.5,1.0,0.9934163689613342,0.0065836310386657715,2.6091368198394776e-05,1.3045684099197388,0.430683515625,341.4533596369438,0.14001958910375834,320864,
xshape,8,16,0,3,0.75,0.25,0.699999988079071,1.0,0.9917892217636108,0.00821077823638916,9.322440147399902e-05,4.661220073699951,0.1742578125,341.4533596369438,0.14134404435753822,320864,
xshape,8,16,0,4,0.8500000238418579,0.800000011920929,0.30000001192092896,1.0,0.995485782623291,0.004514217376708984,3.768450021743774e-05,1.8842250108718872,0.3446713671875,341.4533596369438,0.13983637699857354,320864,
xshape,8,16,1,0,0.15000000596046448,0.20000000298023224,0.20000000298023224,1.0,1.0173475742340088,0.01734757423400879,0.00017098669052124024,8.549334526062012,0.1079902734375,341.71940094511956,0.1414291108958423,320864,
xshape,8,16,1,1,0.25,0.75,0.800000011920929,1.0,1.0247602462768555,0.02476024627685547,0.0004652671051025391,23.263355255126953,0.043192216796875,341.71940094511956,0.14062289195135236,320864,
xshape,8,16,1,2,0.5,0.5,0.5,1.0,0.9937908053398132,0.006209194660186768,3.012941598892212e-05,1.506470799446106,0.3959887890625,341.71940094511956,0.1406583129428327,320864,
xshape,8,16,1,3,0.75,0.25,0.699999988079071,1.0,0.9918410778045654,0.00815892219543457,8.49730396270752e-05,4.24865198135376,0.18801404296875,341.71940094511956,0.14176730532199144,320864,
xshape,8,16,1,4,0.8500000238418579,0.800000011920929,0.30000001192092896,1.0,0.9926185607910156,0.007381439208984375,2.9007558822631837e-05,1.4503779411315918,0.404530859375,341.71940094511956,0.1398608242161572,320864,
xshape,8,16,2,0,0.15000000596046448,0.20000000298023224,0.20000000298023224,1.0,1.006642460823059,0.006642460823059082,0.00010434415817260742,5.217207908630371,0.162641875,341.94103317381814,0.14004846569150686,320864,
xshape,8,16,2,1,0.25,0.75,0.800000011920929,1.0,1.0014744997024536,0.0014744997024536133,5.572682857513428e-05,2.786341428756714,0.26468419921875,341.94103317381814,0.13959393091499805,320864,
xshape,8,16,2,2,0.5,0.5,0.5,1.0,0.9912190437316895,0.008780956268310547,2.148853063583374e-05,1.074426531791687,0.4776632421875,341.94103317381814,0.139283477794379,320864,
xshape,8,16,2,3,0.75,0.25,0.699999988079071,1.0,0.9976244568824768,0.0023755431175231934,8.337481498718262e-05,4.168740749359131,0.19273265625,341.94103317381814,0.14099529664963484,320864,
xshape,8,16,2,4,0.8500000238418579,0.800000011920929,0.30000001192092896,1.0,0.9933796525001526,0.006620347499847412,2.8899481296539308e-05,1.4449740648269653,0.405799921875,341.94103317381814,0.1394395693205297,320864,
xshape,8,32,0,0,0.15000000596046448,0.20000000298023224,0.20000000298023224,1.0,0.9821634292602539,0.017836570739746094,4.1479253768920896e-05,2.073962688446045,0.3174671875,342.13457915280014,0.14302923390641809,382784,
xshape,8,32,0,1,0.25,0.75,0.800000011920929,1.0,0.9946238994598389,0.005376100540161133,2.1864211559295655e-05,1.0932105779647827,0.4750506640625,342.13457915280014,0.14230142487213016,382784,
xshape,8,32,0,2,0.5,0.5,0.5,1.0,0.9891926050186157,0.010807394981384277,1.9775301218032836e-05,0.9887650609016418,0.4973966015625,342.13457915280014,0.14235254609957337,382784,
xshape,8,32,0,3,0.75,0.25,0.699999988079071,1.0,0.9879328608512878,0.012067139148712158,9.43695068359375e-05,4.718475341796875,0.17139869140625,342.13457915280014,0.14347467804327607,382784,
xshape,8,32,0,4,0.8500000238418579,0.800000011920929,0.30000001192092896,1.0,0.9947496652603149,0.005250334739685059,3.420321464538574e-05,1.710160732269287,0.3665384765625,342.13457915280014,0.1420851326547563,382784,
xshape,8,32,1,0,0.15000000596046448,0.20000000298023224,0.20000000298023224,1.0,1.0015385150909424,0.0015385150909423828,7.866137981414794e-05,3.9330689907073975,0.20321419921875,341.81042037298903,0.14317742502316833,382784,
xshape,8,32,1,1,0.25,0.75,0.800000011920929,1.0,1.0035723447799683,0.0035723447799682617,3.0229694843292236e-05,1.5114847421646118,0.3998859375,341.81042037298903,0.14282267121598125,382784,
xshape,8,32,1,2,0.5,0.5,0.5,1.0,0.9941399097442627,0.005860090255737305,2.1343774795532225e-05,1.0671887397766113,0.4808188671875,341.81042037298903,0.14360832888633013,382784,
xshape,8,32,1,3,0.75,0.25,0.699999988079071,1.0,0.9843515157699585,0.015648484230041504,5.440032958984375e-05,2.7200164794921875,0.26266513671875,341.81042037298903,0.14224802423268557,382784,
xshape,8,32,1,4,0.8500000238418579,0.800000011920929,0.30000001192092896,1.0,0.9903410077095032,0.009658992290496826,2.5998902320861818e-05,1.2999451160430908,0.430033671875,341.81042037298903,0.14238500501960516,382784,
xshape,8,32,2,0,0.15000000596046448,0.20000000298023224,0.20000000298023224,1.0,1.0008517503738403,0.000851750373840332,5.1279029846191404e-05,2.5639514923095703,0.2809352734375,341.69911101739854,0.1422468633390963,382784,
xshape,8,32,2,1,0.25,0.75,0.800000011920929,1.0,0.9990370869636536,0.0009629130363464355,6.791314125061035e-05,3.3956570625305176,0.22716236328125,341.69911101739854,0.14146160520613194,382784,
xshape,8,32,2,2,0.5,0.5,0.5,1.0,0.997092604637146,0.002907395362854004,4.686585426330566e-05,2.343292713165283,0.29789111328125,341.69911101739854,0.14172177761793137,382784,
xshape,8,32,2,3,0.75,0.25,0.699999988079071,1.0,1.0100401639938354,0.01004016399383545,0.0003076434516906738,15.382172584533691,0.0621984033203125,341.69911101739854,0.14245038572698832,382784,
xshape,8,32,2,4,0.8500000238418579,0.800000011920929,0.30000001192092896,1.0,0.9954996109008789,0.004500389099121094,3.875195026397705e-05,1.9375975131988525,0.3383961328125,341.69911101739854,0.14324155496433377,382784,
xshape,8,64,0,0,0.15000000596046448,0.20000000298023224,0.20000000298023224,1.0,0.986703097820282,0.013296902179718018,5.243821144104004e-05,2.621910572052002,0.27078265625,341.6454655332491,0.14558477234095335,506624,
xshape,8,64,0,1,0.25,0.75,0.800000011920929,1.0,0.9946365356445312,0.00536346435546875,2.6417768001556398e-05,1.3208884000778198,0.4282387890625,341.6454655332491,0.1446435716934502,506624,
xshape,8,64,0,2,0.5,0.5,0.5,1.0,0.9878005981445312,0.01219940185546875,2.2920358180999757e-05,1.1460179090499878,0.4598809375,341.6454655332491,0.14486856432631612,506624,
xshape,8,64,0,3,0.75,0.25,0.699999988079071,1.0,0.988781750202179,0.011218249797821045,9.416790008544922e-05,4.708395004272461,0.17194708984375,341.6454655332491,0.14505733596161008,506624,
xshape,8,64,0,4,0.8500000238418579,0.800000011920929,0.30000001192092896,1.0,1.0001107454299927,0.00011074542999267578,3.3790378570556644e-05,1.689518928527832,0.3718701171875,341.6454655332491,0.14591619605198503,506624,
xshape,8,64,1,0,0.15000000596046448,0.20000000298023224,0.20000000298023224,1.0,1.0079721212387085,0.007972121238708496,7.024691581726074e-05,3.512345790863037,0.2243693359375,341.113555285614,0.1451397859491408,506624,
xshape,8,64,1,1,0.25,0.75,0.800000011920929,1.0,1.01025390625,0.01025390625,0.00012067589759826661,6.03379487991333,0.144679814453125,341.113555285614,0.14494974398985505,506624,
xshape,8,64,1,2,0.5,0.5,0.5,1.0,0.9930522441864014,0.006947755813598633,2.6293566226959228e-05,1.3146783113479614,0.428612109375,341.113555285614,0.14429596718400717,506624,
xshape,8,64,1,3,0.75,0.25,0.699999988079071,1.0,0.98616623878479,0.013833761215209961,5.7293314933776854e-05,2.8646657466888428,0.25345068359375,341.113555285614,0.1446578809991479,506624,
xshape,8,64,1,4,0.8500000238418579,0.800000011920929,0.30000001192092896,1.0,0.9956807494163513,0.004319250583648682,6.94446849822998e-05,3.4722342491149902,0.22210603515625,341.113555285614,0.14598111575469375,506624,
xshape,8,64,2,0,0.15000000596046448,0.20000000298023224,0.20000000298023224,1.0,0.9981923699378967,0.0018076300621032715,5.3868188858032227e-05,2.6934094429016113,0.27004265625,341.02774198912084,0.1447966918349266,506624,
xshape,8,64,2,1,0.25,0.75,0.800000011920929,1.0,0.9909960031509399,0.009003996849060059,2.624444246292114e-05,1.3122221231460571,0.428054921875,341.02774198912084,0.14434637734666467,506624,
xshape,8,64,2,2,0.5,0.5,0.5,1.0,0.9955580234527588,0.004441976547241211,2.2495260238647462e-05,1.124763011932373,0.4684280859375,341.02774198912084,0.14413350401446223,506624,
xshape,8,64,2,3,0.75,0.25,0.699999988079071,1.0,1.0618292093276978,0.061829209327697754,0.0033098062133789063,165.4903106689453,0.0067670068359375,341.02774198912084,0.14454576885327697,506624,
xshape,8,64,2,4,0.8500000238418579,0.800000011920929,0.30000001192092896,1.0,1.0055445432662964,0.005544543266296387,0.0005203823089599609,26.019115447998047,0.03740772705078125,341.02774198912084,0.1447604619897902,506624,
